Timestamp_UTC,Latitude_ddeg,Longitude_ddeg,Elevation_m,GPS_Speed_m/s,GPS_Direction_deg,GPS_RMC_Valid_binary,Battery_Voltage_volts,Bus_Box_Temperature_degC,Bus_Top_Temperature_degC,Bus_Top_Relative_Humidity_%,ES642_PM2.5_Concentration_ug/m3,ES642_Air_Flow_Rate_L/min,ES642_Internal_Air_Temperature_degC,ES642_Internal_Relative_Humidity_%,ES642_Internal_Air_Pressure_hpa,ES642_Error_Code_code,2B_Ozone_Concentration_ppbv,2B_Air_Flow_Rate_L/min,2B_Internal_Air_Temperature_degC,2B_Internal_Air_Pressure_hpa,2B405_NO_Concentration_ppbv,2B405_NO2_Concentration_ppbv,2B405_NOX_Concentration_ppbv,2B405_Internal_Air_Temperature_degC,2B405_Internal_Air_Pressure_hpa,2B405_Air_Flow_Rate_L/min,2B405_Cell_O3_Flow_Rate_mL/min,PM2.5_Data_Flagged_binary,Ozone_Data_Flagged_binary,GPS_Data_Flagged_binary,Time_Tuple,Date,Year,Month,Day_of_Year,Day_of_Month,Minute
2022-06-03 16:05:05,40.765533,-111.908302,1383.5,-9999.0,-9999.0,-9999.0,13.7,22.58,23.67,24.63,3.0,2.0,22.5,25.0,867.7,0.0,6.5,2.15,25.0,819.6,-9999.0,-9999.0,-9999.0,-9999.0,-9999.0,-9999.0,-9999.0,0.0,0,1,"time.struct_time(tm_year=2022, tm_mon=6, tm_mday=3, tm_hour=16, tm_min=5, tm_sec=5, tm_wday=4, tm_yday=154, tm_isdst=-1)",2022-06-03,2022,6,154,3,5
2022-06-03 16:07:35,40.765877,-111.90815,1337.0,-9999.0,-9999.0,-9999.0,13.7,22.62,23.76,25.42,4.0,2.0,22.61,27.0,867.4,0.0,6.8,2.16,26.3,818.8,-9999.0,-9999.0,-9999.0,-9999.0,-9999.0,-9999.0,-9999.0,0.0,0,1,"time.struct_time(tm_year=2022, tm_mon=6, tm_mday=3, tm_hour=16, tm_min=7, tm_sec=35, tm_wday=4, tm_yday=154, tm_isdst=-1)",2022-06-03,2022,6,154,3,7
2022-06-03 16:10:05,40.765694,-111.908157,1328.7,-9999.0,-9999.0,-9999.0,13.7,22.7,23.87,24.57,4.0,2.0,22.72,27.0,867.5,0.0,11.9,2.18,27.4,819.4,-9999.0,-9999.0,-9999.0,-9999.0,-9999.0,-9999.0,-9999.0,0.0,0,1,"time.struct_time(tm_year=2022, tm_mon=6, tm_mday=3, tm_hour=16, tm_min=10, tm_sec=5, tm_wday=4, tm_yday=154, tm_isdst=-1)",2022-06-03,2022,6,154,3,10
2022-06-03 16:12:35,40.765808,-111.908264,1328.1,-9999.0,-9999.0,-9999.0,13.7,22.81,23.97,23.89,5.0,2.0,22.78,27.0,867.4,0.0,6.5,2.18,28.4,818.8,-9999.0,-9999.0,-9999.0,-9999.0,-9999.0,-9999.0,-9999.0,0.0,0,1,"time.struct_time(tm_year=2022, tm_mon=6, tm_mday=3, tm_hour=16, tm_min=12, tm_sec=35, tm_wday=4, tm_yday=154, tm_isdst=-1)",2022-06-03,2022,6,154,3,12
2022-06-03 16:15:05,40.765808,-111.908379,1320.4,-9999.0,-9999.0,-9999.0,13.18,22.93,24.06,22.86,4.0,2.0,23.0,26.0,867.6,0.0,9.3,2.19,29.2,819.4,-9999.0,-9999.0,-9999.0,-9999.0,-9999.0,-9999.0,-9999.0,0.0,0,1,"time.struct_time(tm_year=2022, tm_mon=6, tm_mday=3, tm_hour=16, tm_min=15, tm_sec=5, tm_wday=4, tm_yday=154, tm_isdst=-1)",2022-06-03,2022,6,154,3,15
2022-06-03 16:17:35,40.765697,-111.908646,1315.1,-9999.0,-9999.0,-9999.0,13.67,23.08,24.15,23.35,4.0,2.0,23.11,26.0,867.7,0.0,7.7,2.19,30.0,818.8,-9999.0,-9999.0,-9999.0,-9999.0,-9999.0,-9999.0,-9999.0,0.0,0,1,"time.struct_time(tm_year=2022, tm_mon=6, tm_mday=3, tm_hour=16, tm_min=17, tm_sec=35, tm_wday=4, tm_yday=154, tm_isdst=-1)",2022-06-03,2022,6,154,3,17
2022-06-03 16:20:05,40.765739,-111.908806,1305.1,-9999.0,-9999.0,-9999.0,13.66,23.23,24.21,23.73,2.0,2.0,23.28,26.0,867.6,0.0,4.7,2.2,30.7,819.3,-9999.0,-9999.0,-9999.0,-9999.0,-9999.0,-9999.0,-9999.0,0.0,0,1,"time.struct_time(tm_year=2022, tm_mon=6, tm_mday=3, tm_hour=16, tm_min=20, tm_sec=5, tm_wday=4, tm_yday=154, tm_isdst=-1)",2022-06-03,2022,6,154,3,20
2022-06-03 16:22:35,40.765766,-111.908813,1305.9,-9999.0,-9999.0,-9999.0,13.67,23.4,24.27,23.51,3.0,2.0,23.39,26.0,867.3,0.0,8.8,2.2,31.3,818.7,-9999.0,-9999.0,-9999.0,-9999.0,-9999.0,-9999.0,-9999.0,0.0,0,1,"time.struct_time(tm_year=2022, tm_mon=6, tm_mday=3, tm_hour=16, tm_min=22, tm_sec=35, tm_wday=4, tm_yday=154, tm_isdst=-1)",2022-06-03,2022,6,154,3,22
2022-06-03 16:25:05,40.765667,-111.908409,1304.4,-9999.0,-9999.0,-9999.0,13.66,23.56,24.39,23.65,4.0,2.0,23.61,26.0,867.4,0.0,6.3,2.21,31.9,819.3,-9999.0,-9999.0,-9999.0,-9999.0,-9999.0,-9999.0,-9999.0,0.0,0,1,"time.struct_time(tm_year=2022, tm_mon=6, tm_mday=3, tm_hour=16, tm_min=25, tm_sec=5, tm_wday=4, tm_yday=154, tm_isdst=-1)",2022-06-03,2022,6,154,3,25
2022-06-03 16:27:35,40.76582,-111.908684,1304.0,-9999.0,-9999.0,-9999.0,13.67,23.73,24.45,23.08,4.0,2.0,23.72,25.0,867.3,0.0,9.7,2.21,32.4,818.6,-9999.0,-9999.0,-9999.0,-9999.0,-9999.0,-9999.0,-9999.0,0.0,0,1,"time.struct_time(tm_year=2022, tm_mon=6, tm_mday=3, tm_hour=16, tm_min=27, tm_sec=35, tm_wday=4, tm_yday=154, tm_isdst=-1)",2022-06-03,2022,6,154,3,27
2022-06-03 16:30:05,40.765759,-111.908272,1303.7,-9999.0,-9999.0,-9999.0,13.66,23.9,24.49,22.44,4.0,2.0,23.89,25.0,867.5,0.0,12.7,2.22,32.9,819.3,-9999.0,-9999.0,-9999.0,-9999.0,-9999.0,-9999.0,-9999.0,0.0,0,1,"time.struct_time(tm_year=2022, tm_mon=6, tm_mday=3, tm_hour=16, tm_min=30, tm_sec=5, tm_wday=4, tm_yday=154, tm_isdst=-1)",2022-06-03,2022,6,154,3,30
2022-06-03 16:32:35,40.76564,-111.908661,1301.0,-9999.0,-9999.0,-9999.0,13.67,24.07,24.57,23.15,5.0,2.0,24.0,25.0,867.3,0.0,8.1,2.23,33.4,818.6,-9999.0,-9999.0,-9999.0,-9999.0,-9999.0,-9999.0,-9999.0,0.0,0,1,"time.struct_time(tm_year=2022, tm_mon=6, tm_mday=3, tm_hour=16, tm_min=32, tm_sec=35, tm_wday=4, tm_yday=154, tm_isdst=-1)",2022-06-03,2022,6,154,3,32
2022-06-03 16:35:05,40.765701,-111.908585,1301.1,-9999.0,-9999.0,-9999.0,13.66,24.23,24.68,21.76,3.0,2.0,24.11,24.0,867.4,0.0,12.6,2.21,33.8,819.3,-9999.0,-9999.0,-9999.0,-9999.0,-9999.0,-9999.0,-9999.0,0.0,0,1,"time.struct_time(tm_year=2022, tm_mon=6, tm_mday=3, tm_hour=16, tm_min=35, tm_sec=5, tm_wday=4, tm_yday=154, tm_isdst=-1)",2022-06-03,2022,6,154,3,35
2022-06-03 16:37:35,40.76569,-111.908562,1300.8,-9999.0,-9999.0,-9999.0,13.66,24.4,24.78,21.67,4.0,2.0,24.28,23.0,867.4,0.0,16.3,2.22,34.2,818.7,-9999.0,-9999.0,-9999.0,-9999.0,-9999.0,-9999.0,-9999.0,0.0,0,1,"time.struct_time(tm_year=2022, tm_mon=6, tm_mday=3, tm_hour=16, tm_min=37, tm_sec=35, tm_wday=4, tm_yday=154, tm_isdst=-1)",2022-06-03,2022,6,154,3,37
2022-06-03 16:40:05,40.765682,-111.908737,1300.3,-9999.0,-9999.0,-9999.0,13.67,24.56,24.79,21.44,3.0,2.0,24.39,23.0,867.4,0.0,20.5,2.22,34.5,819.4,-9999.0,-9999.0,-9999.0,-9999.0,-9999.0,-9999.0,-9999.0,0.0,0,1,"time.struct_time(tm_year=2022, tm_mon=6, tm_mday=3, tm_hour=16, tm_min=40, tm_sec=5, tm_wday=4, tm_yday=154, tm_isdst=-1)",2022-06-03,2022,6,154,3,40
2022-06-03 16:42:35,40.765774,-111.90834,1301.6,-9999.0,-9999.0,-9999.0,13.67,24.71,24.89,20.88,2.0,2.0,24.5,23.0,867.6,0.0,19.0,2.22,34.9,818.6,-9999.0,-9999.0,-9999.0,-9999.0,-9999.0,-9999.0,-9999.0,0.0,0,1,"time.struct_time(tm_year=2022, tm_mon=6, tm_mday=3, tm_hour=16, tm_min=42, tm_sec=35, tm_wday=4, tm_yday=154, tm_isdst=-1)",2022-06-03,2022,6,154,3,42
2022-06-03 16:45:05,40.765694,-111.908653,1301.0,-9999.0,-9999.0,-9999.0,13.67,24.87,24.98,20.98,2.0,2.0,24.72,22.0,867.3,0.0,16.8,2.23,35.2,819.5,-9999.0,-9999.0,-9999.0,-9999.0,-9999.0,-9999.0,-9999.0,0.0,0,1,"time.struct_time(tm_year=2022, tm_mon=6, tm_mday=3, tm_hour=16, tm_min=45, tm_sec=5, tm_wday=4, tm_yday=154, tm_isdst=-1)",2022-06-03,2022,6,154,3,45
2022-06-03 16:47:35,40.765598,-111.908714,1302.0,-9999.0,-9999.0,-9999.0,13.66,25.02,25.06,20.79,4.0,2.0,24.78,23.0,867.4,0.0,14.9,2.23,35.5,818.7,-9999.0,-9999.0,-9999.0,-9999.0,-9999.0,-9999.0,-9999.0,0.0,0,1,"time.struct_time(tm_year=2022, tm_mon=6, tm_mday=3, tm_hour=16, tm_min=47, tm_sec=35, tm_wday=4, tm_yday=154, tm_isdst=-1)",2022-06-03,2022,6,154,3,47
2022-06-03 16:50:05,40.765766,-111.90873,1299.3,-9999.0,-9999.0,-9999.0,13.67,25.17,25.18,20.91,4.0,2.0,24.89,22.0,867.5,0.0,11.9,2.25,35.8,819.4,-9999.0,-9999.0,-9999.0,-9999.0,-9999.0,-9999.0,-9999.0,0.0,0,1,"time.struct_time(tm_year=2022, tm_mon=6, tm_mday=3, tm_hour=16, tm_min=50, tm_sec=5, tm_wday=4, tm_yday=154, tm_isdst=-1)",2022-06-03,2022,6,154,3,50
2022-06-03 16:52:35,40.765644,-111.908546,1299.7,-9999.0,-9999.0,-9999.0,13.66,25.32,25.28,20.26,2.0,2.0,25.11,23.0,867.4,0.0,14.2,2.23,36.0,818.7,-9999.0,-9999.0,-9999.0,-9999.0,-9999.0,-9999.0,-9999.0,0.0,0,1,"time.struct_time(tm_year=2022, tm_mon=6, tm_mday=3, tm_hour=16, tm_min=52, tm_sec=35, tm_wday=4, tm_yday=154, tm_isdst=-1)",2022-06-03,2022,6,154,3,52
2022-06-03 16:55:05,40.765533,-111.908745,1299.4,-9999.0,-9999.0,-9999.0,13.66,25.46,25.35,18.94,2.0,2.0,25.22,22.0,867.5,0.0,19.6,2.24,36.3,819.3,-9999.0,-9999.0,-9999.0,-9999.0,-9999.0,-9999.0,-9999.0,0.0,0,1,"time.struct_time(tm_year=2022, tm_mon=6, tm_mday=3, tm_hour=16, tm_min=55, tm_sec=5, tm_wday=4, tm_yday=154, tm_isdst=-1)",2022-06-03,2022,6,154,3,55
2022-06-03 16:57:50,40.765739,-111.908646,1299.2,-9999.0,-9999.0,-9999.0,13.66,25.62,25.46,19.58,2.0,2.0,25.28,22.0,867.3,0.0,18.2,2.23,36.6,819.4,-9999.0,-9999.0,-9999.0,-9999.0,-9999.0,-9999.0,-9999.0,0.0,0,1,"time.struct_time(tm_year=2022, tm_mon=6, tm_mday=3, tm_hour=16, tm_min=57, tm_sec=50, tm_wday=4, tm_yday=154, tm_isdst=-1)",2022-06-03,2022,6,154,3,57
2022-06-03 17:00:20,40.765675,-111.90889,1298.0,-9999.0,-9999.0,-9999.0,13.66,25.76,25.59,19.81,2.0,2.0,25.39,21.0,867.3,0.0,21.4,2.24,36.8,818.7,-9999.0,-9999.0,-9999.0,-9999.0,-9999.0,-9999.0,-9999.0,0.0,0,1,"time.struct_time(tm_year=2022, tm_mon=6, tm_mday=3, tm_hour=17, tm_min=0, tm_sec=20, tm_wday=4, tm_yday=154, tm_isdst=-1)",2022-06-03,2022,6,154,3,0
2022-06-03 17:03:55,40.765736,-111.908516,1296.7,-9999.0,-9999.0,-9999.0,13.67,25.95,25.66,19.06,3.0,2.0,25.61,21.0,867.3,0.0,26.4,2.24,37.1,818.6,-9999.0,-9999.0,-9999.0,-9999.0,-9999.0,-9999.0,-9999.0,0.0,0,1,"time.struct_time(tm_year=2022, tm_mon=6, tm_mday=3, tm_hour=17, tm_min=3, tm_sec=55, tm_wday=4, tm_yday=154, tm_isdst=-1)",2022-06-03,2022,6,154,3,3
2022-06-03 17:06:25,40.765621,-111.908875,1290.8,-9999.0,-9999.0,-9999.0,13.67,26.09,25.8,18.98,3.0,2.0,25.72,21.0,867.3,0.0,25.2,2.25,37.3,819.4,-9999.0,-9999.0,-9999.0,-9999.0,-9999.0,-9999.0,-9999.0,0.0,0,1,"time.struct_time(tm_year=2022, tm_mon=6, tm_mday=3, tm_hour=17, tm_min=6, tm_sec=25, tm_wday=4, tm_yday=154, tm_isdst=-1)",2022-06-03,2022,6,154,3,6
2022-06-03 17:08:55,40.765743,-111.908768,1291.2,-9999.0,-9999.0,-9999.0,13.63,26.22,25.87,18.71,2.0,2.0,25.78,20.0,867.4,0.0,27.5,2.24,37.5,818.6,-9999.0,-9999.0,-9999.0,-9999.0,-9999.0,-9999.0,-9999.0,0.0,0,1,"time.struct_time(tm_year=2022, tm_mon=6, tm_mday=3, tm_hour=17, tm_min=8, tm_sec=55, tm_wday=4, tm_yday=154, tm_isdst=-1)",2022-06-03,2022,6,154,3,8
2022-06-03 17:11:25,40.765697,-111.908699,1291.2,-9999.0,-9999.0,-9999.0,13.63,26.34,25.97,19.08,2.0,2.0,26.0,20.0,867.4,0.0,27.9,2.25,37.7,819.3,-9999.0,-9999.0,-9999.0,-9999.0,-9999.0,-9999.0,-9999.0,0.0,0,1,"time.struct_time(tm_year=2022, tm_mon=6, tm_mday=3, tm_hour=17, tm_min=11, tm_sec=25, tm_wday=4, tm_yday=154, tm_isdst=-1)",2022-06-03,2022,6,154,3,11
2022-06-03 17:13:55,40.765667,-111.908813,1288.5,-9999.0,-9999.0,-9999.0,13.61,26.47,26.07,18.41,3.0,2.0,26.11,20.0,867.3,0.0,24.4,2.25,37.9,818.6,-9999.0,-9999.0,-9999.0,-9999.0,-9999.0,-9999.0,-9999.0,0.0,0,1,"time.struct_time(tm_year=2022, tm_mon=6, tm_mday=3, tm_hour=17, tm_min=13, tm_sec=55, tm_wday=4, tm_yday=154, tm_isdst=-1)",2022-06-03,2022,6,154,3,13
2022-06-03 17:16:25,40.765762,-111.908699,1287.6,-9999.0,-9999.0,-9999.0,13.63,26.59,26.13,17.27,3.0,2.0,26.22,20.0,867.5,0.0,28.1,2.25,38.1,819.5,-9999.0,-9999.0,-9999.0,-9999.0,-9999.0,-9999.0,-9999.0,0.0,0,1,"time.struct_time(tm_year=2022, tm_mon=6, tm_mday=3, tm_hour=17, tm_min=16, tm_sec=25, tm_wday=4, tm_yday=154, tm_isdst=-1)",2022-06-03,2022,6,154,3,16
2022-06-03 17:18:55,40.765656,-111.90863,1287.0,-9999.0,-9999.0,-9999.0,13.63,26.71,26.19,16.7,3.0,2.0,26.28,19.0,867.2,0.0,30.0,2.25,38.3,818.7,-9999.0,-9999.0,-9999.0,-9999.0,-9999.0,-9999.0,-9999.0,0.0,0,1,"time.struct_time(tm_year=2022, tm_mon=6, tm_mday=3, tm_hour=17, tm_min=18, tm_sec=55, tm_wday=4, tm_yday=154, tm_isdst=-1)",2022-06-03,2022,6,154,3,18
2022-06-03 17:21:25,40.765629,-111.908745,1286.3,-9999.0,-9999.0,-9999.0,13.63,26.83,26.15,17.57,2.0,2.0,26.39,19.0,867.4,0.0,27.8,2.25,38.5,819.3,-9999.0,-9999.0,-9999.0,-9999.0,-9999.0,-9999.0,-9999.0,0.0,0,1,"time.struct_time(tm_year=2022, tm_mon=6, tm_mday=3, tm_hour=17, tm_min=21, tm_sec=25, tm_wday=4, tm_yday=154, tm_isdst=-1)",2022-06-03,2022,6,154,3,21
2022-06-03 17:23:55,40.76564,-111.908691,1286.5,-9999.0,-9999.0,-9999.0,13.63,26.94,26.19,18.41,2.0,2.0,26.5,19.0,867.2,0.0,25.0,2.26,38.6,818.7,-9999.0,-9999.0,-9999.0,-9999.0,-9999.0,-9999.0,-9999.0,0.0,0,1,"time.struct_time(tm_year=2022, tm_mon=6, tm_mday=3, tm_hour=17, tm_min=23, tm_sec=55, tm_wday=4, tm_yday=154, tm_isdst=-1)",2022-06-03,2022,6,154,3,23
2022-06-03 17:26:25,40.765629,-111.9086,1286.0,-9999.0,-9999.0,-9999.0,13.63,27.05,26.23,17.76,2.0,2.0,26.61,19.0,867.1,0.0,27.0,2.25,38.8,819.4,-9999.0,-9999.0,-9999.0,-9999.0,-9999.0,-9999.0,-9999.0,0.0,0,1,"time.struct_time(tm_year=2022, tm_mon=6, tm_mday=3, tm_hour=17, tm_min=26, tm_sec=25, tm_wday=4, tm_yday=154, tm_isdst=-1)",2022-06-03,2022,6,154,3,26
2022-06-03 17:28:55,40.765648,-111.908714,1286.4,-9999.0,-9999.0,-9999.0,13.63,27.16,26.31,18.23,2.0,2.0,26.72,19.0,867.2,0.0,23.1,2.25,38.9,818.6,-9999.0,-9999.0,-9999.0,-9999.0,-9999.0,-9999.0,-9999.0,0.0,0,1,"time.struct_time(tm_year=2022, tm_mon=6, tm_mday=3, tm_hour=17, tm_min=28, tm_sec=55, tm_wday=4, tm_yday=154, tm_isdst=-1)",2022-06-03,2022,6,154,3,28
2022-06-03 17:31:25,40.765713,-111.908875,1285.9,-9999.0,-9999.0,-9999.0,13.63,27.27,26.37,18.1,2.0,2.0,26.78,19.0,867.1,0.0,18.1,2.25,39.1,819.3,-9999.0,-9999.0,-9999.0,-9999.0,-9999.0,-9999.0,-9999.0,0.0,0,1,"time.struct_time(tm_year=2022, tm_mon=6, tm_mday=3, tm_hour=17, tm_min=31, tm_sec=25, tm_wday=4, tm_yday=154, tm_isdst=-1)",2022-06-03,2022,6,154,3,31
2022-06-03 17:33:55,40.765736,-111.90892,1286.0,-9999.0,-9999.0,-9999.0,13.63,27.38,26.42,18.58,2.0,2.0,26.78,19.0,867.4,0.0,22.0,2.26,39.2,818.6,-9999.0,-9999.0,-9999.0,-9999.0,-9999.0,-9999.0,-9999.0,0.0,0,1,"time.struct_time(tm_year=2022, tm_mon=6, tm_mday=3, tm_hour=17, tm_min=33, tm_sec=55, tm_wday=4, tm_yday=154, tm_isdst=-1)",2022-06-03,2022,6,154,3,33
2022-06-03 17:36:25,40.765621,-111.908882,1286.5,-9999.0,-9999.0,-9999.0,13.63,27.48,26.47,18.16,2.0,2.0,26.89,19.0,867.2,0.0,23.5,2.26,39.4,819.3,-9999.0,-9999.0,-9999.0,-9999.0,-9999.0,-9999.0,-9999.0,0.0,0,1,"time.struct_time(tm_year=2022, tm_mon=6, tm_mday=3, tm_hour=17, tm_min=36, tm_sec=25, tm_wday=4, tm_yday=154, tm_isdst=-1)",2022-06-03,2022,6,154,3,36
2022-06-03 17:38:55,40.765766,-111.908882,1292.2,-9999.0,-9999.0,-9999.0,13.63,27.58,26.54,18.34,2.0,2.0,27.0,19.0,867.2,0.0,24.6,2.25,39.5,818.6,-9999.0,-9999.0,-9999.0,-9999.0,-9999.0,-9999.0,-9999.0,0.0,0,1,"time.struct_time(tm_year=2022, tm_mon=6, tm_mday=3, tm_hour=17, tm_min=38, tm_sec=55, tm_wday=4, tm_yday=154, tm_isdst=-1)",2022-06-03,2022,6,154,3,38
2022-06-03 17:41:25,40.765694,-111.908813,1292.7,-9999.0,-9999.0,-9999.0,13.63,27.68,26.55,17.95,2.0,2.0,27.11,19.0,867.1,0.0,23.3,2.26,39.6,819.2,-9999.0,-9999.0,-9999.0,-9999.0,-9999.0,-9999.0,-9999.0,0.0,0,1,"time.struct_time(tm_year=2022, tm_mon=6, tm_mday=3, tm_hour=17, tm_min=41, tm_sec=25, tm_wday=4, tm_yday=154, tm_isdst=-1)",2022-06-03,2022,6,154,3,41
2022-06-03 17:43:55,40.76577,-111.908958,1293.9,-9999.0,-9999.0,-9999.0,13.63,27.77,26.61,17.67,1.0,2.0,27.22,18.0,867.2,0.0,25.1,2.26,39.7,818.5,-9999.0,-9999.0,-9999.0,-9999.0,-9999.0,-9999.0,-9999.0,0.0,0,1,"time.struct_time(tm_year=2022, tm_mon=6, tm_mday=3, tm_hour=17, tm_min=43, tm_sec=55, tm_wday=4, tm_yday=154, tm_isdst=-1)",2022-06-03,2022,6,154,3,43
2022-06-03 17:46:25,40.765766,-111.908791,1295.4,-9999.0,-9999.0,-9999.0,13.63,27.86,26.67,17.79,2.0,2.0,27.28,18.0,867.3,0.0,27.0,2.26,39.9,819.3,-9999.0,-9999.0,-9999.0,-9999.0,-9999.0,-9999.0,-9999.0,0.0,0,1,"time.struct_time(tm_year=2022, tm_mon=6, tm_mday=3, tm_hour=17, tm_min=46, tm_sec=25, tm_wday=4, tm_yday=154, tm_isdst=-1)",2022-06-03,2022,6,154,3,46
2022-06-03 20:08:55,40.765701,-111.908882,1296.1,-9999.0,-9999.0,-9999.0,13.63,27.48,27.46,17.37,3.0,2.0,27.5,19.0,866.0,0.0,37.0,2.21,32.2,817.8,-9999.0,-9999.0,-9999.0,-9999.0,-9999.0,-9999.0,-9999.0,0.0,0,1,"time.struct_time(tm_year=2022, tm_mon=6, tm_mday=3, tm_hour=20, tm_min=8, tm_sec=55, tm_wday=4, tm_yday=154, tm_isdst=-1)",2022-06-03,2022,6,154,3,8
2022-06-03 20:11:25,40.765697,-111.908913,1291.8,-9999.0,-9999.0,-9999.0,13.63,27.51,27.52,17.42,2.0,2.0,27.61,19.0,866.1,0.0,38.4,2.21,33.2,817.4,-9999.0,-9999.0,-9999.0,-9999.0,-9999.0,-9999.0,-9999.0,0.0,0,1,"time.struct_time(tm_year=2022, tm_mon=6, tm_mday=3, tm_hour=20, tm_min=11, tm_sec=25, tm_wday=4, tm_yday=154, tm_isdst=-1)",2022-06-03,2022,6,154,3,11
2022-06-03 20:13:55,40.765705,-111.909203,1278.0,-9999.0,-9999.0,-9999.0,13.62,27.57,27.57,17.09,2.0,2.0,27.72,19.0,865.9,0.0,39.0,2.23,34.1,817.9,-9999.0,-9999.0,-9999.0,-9999.0,-9999.0,-9999.0,-9999.0,0.0,0,1,"time.struct_time(tm_year=2022, tm_mon=6, tm_mday=3, tm_hour=20, tm_min=13, tm_sec=55, tm_wday=4, tm_yday=154, tm_isdst=-1)",2022-06-03,2022,6,154,3,13
2022-06-03 20:16:25,40.765697,-111.909081,1279.5,-9999.0,-9999.0,-9999.0,13.59,27.64,27.58,16.99,2.0,2.0,27.78,19.0,866.0,0.0,37.4,2.24,34.9,817.4,-9999.0,-9999.0,-9999.0,-9999.0,-9999.0,-9999.0,-9999.0,0.0,0,1,"time.struct_time(tm_year=2022, tm_mon=6, tm_mday=3, tm_hour=20, tm_min=16, tm_sec=25, tm_wday=4, tm_yday=154, tm_isdst=-1)",2022-06-03,2022,6,154,3,16
2022-06-03 20:18:55,40.765572,-111.908844,1281.8,-9999.0,-9999.0,-9999.0,13.59,27.74,27.6,17.12,2.0,2.0,27.89,19.0,866.0,0.0,38.0,2.23,35.5,818.0,-9999.0,-9999.0,-9999.0,-9999.0,-9999.0,-9999.0,-9999.0,0.0,0,1,"time.struct_time(tm_year=2022, tm_mon=6, tm_mday=3, tm_hour=20, tm_min=18, tm_sec=55, tm_wday=4, tm_yday=154, tm_isdst=-1)",2022-06-03,2022,6,154,3,18
2022-06-03 20:21:25,40.76564,-111.908859,1292.3,-9999.0,-9999.0,-9999.0,13.09,27.84,27.62,17.38,3.0,2.0,28.0,19.0,865.9,0.0,38.8,2.24,36.1,817.4,-9999.0,-9999.0,-9999.0,-9999.0,-9999.0,-9999.0,-9999.0,0.0,0,1,"time.struct_time(tm_year=2022, tm_mon=6, tm_mday=3, tm_hour=20, tm_min=21, tm_sec=25, tm_wday=4, tm_yday=154, tm_isdst=-1)",2022-06-03,2022,6,154,3,21
2022-06-03 20:23:55,40.76569,-111.908867,1285.1,-9999.0,-9999.0,-9999.0,13.59,27.96,27.61,17.5,3.0,2.0,28.0,19.0,866.2,0.0,41.8,2.23,36.6,818.0,-9999.0,-9999.0,-9999.0,-9999.0,-9999.0,-9999.0,-9999.0,0.0,0,1,"time.struct_time(tm_year=2022, tm_mon=6, tm_mday=3, tm_hour=20, tm_min=23, tm_sec=55, tm_wday=4, tm_yday=154, tm_isdst=-1)",2022-06-03,2022,6,154,3,23
2022-06-03 20:26:25,40.765621,-111.908844,1289.9,-9999.0,-9999.0,-9999.0,13.59,28.09,27.65,16.58,5.0,2.0,28.11,18.0,865.9,0.0,41.0,2.24,37.1,817.3,-9999.0,-9999.0,-9999.0,-9999.0,-9999.0,-9999.0,-9999.0,0.0,0,1,"time.struct_time(tm_year=2022, tm_mon=6, tm_mday=3, tm_hour=20, tm_min=26, tm_sec=25, tm_wday=4, tm_yday=154, tm_isdst=-1)",2022-06-03,2022,6,154,3,26
2022-06-03 20:28:55,40.765701,-111.908821,1296.7,-9999.0,-9999.0,-9999.0,13.59,28.21,27.65,16.89,5.0,2.0,28.22,18.0,866.0,0.0,39.1,2.25,37.5,818.0,-9999.0,-9999.0,-9999.0,-9999.0,-9999.0,-9999.0,-9999.0,0.0,0,1,"time.struct_time(tm_year=2022, tm_mon=6, tm_mday=3, tm_hour=20, tm_min=28, tm_sec=55, tm_wday=4, tm_yday=154, tm_isdst=-1)",2022-06-03,2022,6,154,3,28
2022-06-03 20:31:25,40.766235,-111.910454,1292.8,-9999.0,-9999.0,-9999.0,13.59,28.34,27.69,16.9,5.0,2.0,28.28,18.0,866.1,0.0,37.2,2.25,37.9,817.4,-9999.0,-9999.0,-9999.0,-9999.0,-9999.0,-9999.0,-9999.0,0.0,0,1,"time.struct_time(tm_year=2022, tm_mon=6, tm_mday=3, tm_hour=20, tm_min=31, tm_sec=25, tm_wday=4, tm_yday=154, tm_isdst=-1)",2022-06-03,2022,6,154,3,31
2022-06-03 20:34:00,40.7663,-111.910957,1289.1,-9999.0,-9999.0,-9999.0,13.59,28.47,27.72,16.67,2.0,2.0,28.39,18.0,865.8,0.0,40.7,2.25,38.3,817.3,-9999.0,-9999.0,-9999.0,-9999.0,-9999.0,-9999.0,-9999.0,0.0,0,1,"time.struct_time(tm_year=2022, tm_mon=6, tm_mday=3, tm_hour=20, tm_min=34, tm_sec=0, tm_wday=4, tm_yday=154, tm_isdst=-1)",2022-06-03,2022,6,154,3,34
2022-06-03 20:36:30,40.766273,-111.910767,1294.3,-9999.0,-9999.0,-9999.0,13.59,28.59,27.76,16.35,2.0,2.0,28.5,17.0,865.9,0.0,38.3,2.25,38.6,818.0,-9999.0,-9999.0,-9999.0,-9999.0,-9999.0,-9999.0,-9999.0,0.0,0,1,"time.struct_time(tm_year=2022, tm_mon=6, tm_mday=3, tm_hour=20, tm_min=36, tm_sec=30, tm_wday=4, tm_yday=154, tm_isdst=-1)",2022-06-03,2022,6,154,3,36
2022-06-03 20:39:00,40.76561,-111.908722,1298.2,-9999.0,-9999.0,-9999.0,13.59,28.71,27.78,15.89,2.0,2.0,28.61,17.0,865.8,0.0,42.5,2.26,38.9,817.3,-9999.0,-9999.0,-9999.0,-9999.0,-9999.0,-9999.0,-9999.0,0.0,0,1,"time.struct_time(tm_year=2022, tm_mon=6, tm_mday=3, tm_hour=20, tm_min=39, tm_sec=0, tm_wday=4, tm_yday=154, tm_isdst=-1)",2022-06-03,2022,6,154,3,39
2022-06-03 20:41:30,40.765648,-111.908646,1304.5,-9999.0,-9999.0,-9999.0,13.59,28.82,27.82,16.02,2.0,2.0,28.72,17.0,865.9,0.0,35.7,2.26,39.2,818.0,-9999.0,-9999.0,-9999.0,-9999.0,-9999.0,-9999.0,-9999.0,0.0,0,1,"time.struct_time(tm_year=2022, tm_mon=6, tm_mday=3, tm_hour=20, tm_min=41, tm_sec=30, tm_wday=4, tm_yday=154, tm_isdst=-1)",2022-06-03,2022,6,154,3,41
2022-06-03 20:44:00,40.765549,-111.908638,1306.3,-9999.0,-9999.0,-9999.0,13.59,28.94,27.86,16.08,2.0,2.0,28.72,17.0,865.8,0.0,37.4,2.25,39.5,817.2,-9999.0,-9999.0,-9999.0,-9999.0,-9999.0,-9999.0,-9999.0,0.0,0,1,"time.struct_time(tm_year=2022, tm_mon=6, tm_mday=3, tm_hour=20, tm_min=44, tm_sec=0, tm_wday=4, tm_yday=154, tm_isdst=-1)",2022-06-03,2022,6,154,3,44
2022-06-03 20:46:30,40.765598,-111.908409,1307.3,-9999.0,-9999.0,-9999.0,13.59,29.05,27.9,16.41,2.0,2.0,28.78,17.0,865.7,0.0,34.0,2.27,39.7,817.9,-9999.0,-9999.0,-9999.0,-9999.0,-9999.0,-9999.0,-9999.0,0.0,0,1,"time.struct_time(tm_year=2022, tm_mon=6, tm_mday=3, tm_hour=20, tm_min=46, tm_sec=30, tm_wday=4, tm_yday=154, tm_isdst=-1)",2022-06-03,2022,6,154,3,46
2022-06-03 20:49:00,40.765636,-111.908516,1311.6,-9999.0,-9999.0,-9999.0,13.59,29.15,27.98,16.15,2.0,2.0,28.89,17.0,865.7,0.0,35.6,2.25,40.0,817.2,-9999.0,-9999.0,-9999.0,-9999.0,-9999.0,-9999.0,-9999.0,0.0,0,1,"time.struct_time(tm_year=2022, tm_mon=6, tm_mday=3, tm_hour=20, tm_min=49, tm_sec=0, tm_wday=4, tm_yday=154, tm_isdst=-1)",2022-06-03,2022,6,154,3,49
2022-06-03 20:51:30,40.765484,-111.908386,1319.9,-9999.0,-9999.0,-9999.0,13.59,29.26,28.07,15.97,2.0,2.0,29.0,17.0,865.9,0.0,32.4,2.26,40.2,817.8,-9999.0,-9999.0,-9999.0,-9999.0,-9999.0,-9999.0,-9999.0,0.0,0,1,"time.struct_time(tm_year=2022, tm_mon=6, tm_mday=3, tm_hour=20, tm_min=51, tm_sec=30, tm_wday=4, tm_yday=154, tm_isdst=-1)",2022-06-03,2022,6,154,3,51
2022-06-03 20:54:00,40.765629,-111.908676,1320.5,-9999.0,-9999.0,-9999.0,13.59,29.36,28.13,16.79,3.0,2.0,29.0,17.0,865.6,0.0,35.7,2.27,40.4,817.2,-9999.0,-9999.0,-9999.0,-9999.0,-9999.0,-9999.0,-9999.0,0.0,0,1,"time.struct_time(tm_year=2022, tm_mon=6, tm_mday=3, tm_hour=20, tm_min=54, tm_sec=0, tm_wday=4, tm_yday=154, tm_isdst=-1)",2022-06-03,2022,6,154,3,54
2022-06-03 20:56:30,40.765602,-111.908554,1324.7,-9999.0,-9999.0,-9999.0,13.59,29.46,28.17,17.37,2.0,2.0,29.11,18.0,865.6,0.0,29.7,2.27,40.6,817.9,-9999.0,-9999.0,-9999.0,-9999.0,-9999.0,-9999.0,-9999.0,0.0,0,1,"time.struct_time(tm_year=2022, tm_mon=6, tm_mday=3, tm_hour=20, tm_min=56, tm_sec=30, tm_wday=4, tm_yday=154, tm_isdst=-1)",2022-06-03,2022,6,154,3,56
2022-06-03 20:59:00,40.765533,-111.908127,1323.2,-9999.0,-9999.0,-9999.0,13.59,29.56,28.23,17.59,1.0,2.0,29.22,18.0,865.9,0.0,30.1,2.26,40.8,817.2,-9999.0,-9999.0,-9999.0,-9999.0,-9999.0,-9999.0,-9999.0,0.0,0,1,"time.struct_time(tm_year=2022, tm_mon=6, tm_mday=3, tm_hour=20, tm_min=59, tm_sec=0, tm_wday=4, tm_yday=154, tm_isdst=-1)",2022-06-03,2022,6,154,3,59
2022-06-03 21:01:35,40.765614,-111.908562,1318.2,-9999.0,-9999.0,-9999.0,13.59,29.65,28.25,17.37,1.0,2.0,29.22,18.0,865.9,0.0,27.2,2.27,40.9,817.8,-9999.0,-9999.0,-9999.0,-9999.0,-9999.0,-9999.0,-9999.0,0.0,0,1,"time.struct_time(tm_year=2022, tm_mon=6, tm_mday=3, tm_hour=21, tm_min=1, tm_sec=35, tm_wday=4, tm_yday=154, tm_isdst=-1)",2022-06-03,2022,6,154,3,1
2022-06-03 21:04:05,40.76569,-111.90847,1325.4,-9999.0,-9999.0,-9999.0,13.6,29.74,28.33,17.44,2.0,2.0,29.28,18.0,865.8,0.0,32.1,2.28,41.1,817.1,-9999.0,-9999.0,-9999.0,-9999.0,-9999.0,-9999.0,-9999.0,0.0,0,1,"time.struct_time(tm_year=2022, tm_mon=6, tm_mday=3, tm_hour=21, tm_min=4, tm_sec=5, tm_wday=4, tm_yday=154, tm_isdst=-1)",2022-06-03,2022,6,154,3,4
2022-06-03 21:06:35,40.765564,-111.908257,1315.4,-9999.0,-9999.0,-9999.0,13.59,29.83,28.29,17.82,1.0,2.0,29.28,18.0,865.8,0.0,35.4,2.28,41.3,817.8,-9999.0,-9999.0,-9999.0,-9999.0,-9999.0,-9999.0,-9999.0,0.0,0,1,"time.struct_time(tm_year=2022, tm_mon=6, tm_mday=3, tm_hour=21, tm_min=6, tm_sec=35, tm_wday=4, tm_yday=154, tm_isdst=-1)",2022-06-03,2022,6,154,3,6
2022-06-06 16:34:15,40.76569,-111.908455,1328.7,-9999.0,-9999.0,-9999.0,13.7,23.43,23.61,42.0,5.0,2.0,23.39,35.0,872.8,0.0,4.9,2.15,26.3,824.4,-9999.0,-9999.0,-9999.0,-9999.0,-9999.0,-9999.0,-9999.0,0.0,0,1,"time.struct_time(tm_year=2022, tm_mon=6, tm_mday=6, tm_hour=16, tm_min=34, tm_sec=15, tm_wday=0, tm_yday=157, tm_isdst=-1)",2022-06-06,2022,6,157,6,34
2022-06-06 16:36:45,40.76564,-111.908638,1317.9,-9999.0,-9999.0,-9999.0,13.66,23.49,23.65,42.12,5.0,2.0,23.5,37.0,872.6,0.0,-0.8,2.16,27.5,823.6,-9999.0,-9999.0,-9999.0,-9999.0,-9999.0,-9999.0,-9999.0,0.0,0,1,"time.struct_time(tm_year=2022, tm_mon=6, tm_mday=6, tm_hour=16, tm_min=36, tm_sec=45, tm_wday=0, tm_yday=157, tm_isdst=-1)",2022-06-06,2022,6,157,6,36
2022-06-06 16:39:15,40.765556,-111.908569,1316.4,-9999.0,-9999.0,-9999.0,13.66,23.57,23.75,42.54,6.0,2.0,23.61,38.0,872.7,0.0,2.5,2.17,28.6,824.3,-9999.0,-9999.0,-9999.0,-9999.0,-9999.0,-9999.0,-9999.0,0.0,0,1,"time.struct_time(tm_year=2022, tm_mon=6, tm_mday=6, tm_hour=16, tm_min=39, tm_sec=15, tm_wday=0, tm_yday=157, tm_isdst=-1)",2022-06-06,2022,6,157,6,39
2022-06-06 16:41:45,40.765839,-111.90831,1325.9,-9999.0,-9999.0,-9999.0,13.67,23.69,23.79,42.53,5.0,2.0,23.72,38.0,872.7,0.0,3.2,2.19,29.5,823.7,-9999.0,-9999.0,-9999.0,-9999.0,-9999.0,-9999.0,-9999.0,0.0,0,1,"time.struct_time(tm_year=2022, tm_mon=6, tm_mday=6, tm_hour=16, tm_min=41, tm_sec=45, tm_wday=0, tm_yday=157, tm_isdst=-1)",2022-06-06,2022,6,157,6,41
2022-06-06 16:44:25,40.765793,-111.908073,1324.2,-9999.0,-9999.0,-9999.0,13.15,23.83,23.84,42.33,5.0,2.0,23.89,38.0,872.8,0.0,4.7,2.19,30.4,823.7,-9999.0,-9999.0,-9999.0,-9999.0,-9999.0,-9999.0,-9999.0,0.0,0,1,"time.struct_time(tm_year=2022, tm_mon=6, tm_mday=6, tm_hour=16, tm_min=44, tm_sec=25, tm_wday=0, tm_yday=157, tm_isdst=-1)",2022-06-06,2022,6,157,6,44
2022-06-06 16:47:20,40.765434,-111.907181,1317.6,-9999.0,-9999.0,-9999.0,13.66,24.0,23.89,45.54,15.0,2.0,24.0,39.0,872.6,0.0,-1.0,2.19,31.3,823.8,-9999.0,-9999.0,-9999.0,-9999.0,-9999.0,-9999.0,-9999.0,0.0,0,1,"time.struct_time(tm_year=2022, tm_mon=6, tm_mday=6, tm_hour=16, tm_min=47, tm_sec=20, tm_wday=0, tm_yday=157, tm_isdst=-1)",2022-06-06,2022,6,157,6,47
2022-06-06 16:51:40,40.765781,-111.908234,1315.3,-9999.0,-9999.0,-9999.0,13.66,24.28,23.95,45.8,12.0,2.0,24.22,39.0,872.5,0.0,0.4,2.19,32.0,823.8,-9999.0,-9999.0,-9999.0,-9999.0,-9999.0,-9999.0,-9999.0,0.0,0,1,"time.struct_time(tm_year=2022, tm_mon=6, tm_mday=6, tm_hour=16, tm_min=51, tm_sec=40, tm_wday=0, tm_yday=157, tm_isdst=-1)",2022-06-06,2022,6,157,6,51
2022-06-06 16:54:10,40.765747,-111.908226,1315.3,-9999.0,-9999.0,-9999.0,13.67,24.43,23.97,44.08,17.0,2.0,24.28,40.0,872.7,0.0,0.3,2.21,32.6,824.6,-9999.0,-9999.0,-9999.0,-9999.0,-9999.0,-9999.0,-9999.0,0.0,0,1,"time.struct_time(tm_year=2022, tm_mon=6, tm_mday=6, tm_hour=16, tm_min=54, tm_sec=10, tm_wday=0, tm_yday=157, tm_isdst=-1)",2022-06-06,2022,6,157,6,54
2022-06-06 16:56:40,40.765659,-111.908051,1313.3,-9999.0,-9999.0,-9999.0,13.66,24.59,24.01,45.24,13.0,2.0,24.39,39.0,872.5,0.0,1.0,2.2,33.2,823.8,-9999.0,-9999.0,-9999.0,-9999.0,-9999.0,-9999.0,-9999.0,0.0,0,1,"time.struct_time(tm_year=2022, tm_mon=6, tm_mday=6, tm_hour=16, tm_min=56, tm_sec=40, tm_wday=0, tm_yday=157, tm_isdst=-1)",2022-06-06,2022,6,157,6,56
2022-06-06 16:59:10,40.765652,-111.908516,1312.6,-9999.0,-9999.0,-9999.0,13.66,24.74,24.05,45.86,15.0,2.0,24.5,39.0,872.6,0.0,-2.1,2.21,33.7,824.6,-9999.0,-9999.0,-9999.0,-9999.0,-9999.0,-9999.0,-9999.0,0.0,0,1,"time.struct_time(tm_year=2022, tm_mon=6, tm_mday=6, tm_hour=16, tm_min=59, tm_sec=10, tm_wday=0, tm_yday=157, tm_isdst=-1)",2022-06-06,2022,6,157,6,59
2022-06-06 17:01:40,40.76561,-111.908989,1303.2,-9999.0,-9999.0,-9999.0,13.67,24.89,24.11,44.67,11.0,2.0,24.61,39.0,872.9,0.0,-0.1,2.2,34.1,824.0,-9999.0,-9999.0,-9999.0,-9999.0,-9999.0,-9999.0,-9999.0,0.0,0,1,"time.struct_time(tm_year=2022, tm_mon=6, tm_mday=6, tm_hour=17, tm_min=1, tm_sec=40, tm_wday=0, tm_yday=157, tm_isdst=-1)",2022-06-06,2022,6,157,6,1
2022-06-06 17:04:10,40.765972,-111.909096,1300.1,-9999.0,-9999.0,-9999.0,13.67,25.04,24.07,43.18,10.0,2.0,24.72,38.0,872.7,0.0,0.1,2.21,34.5,824.7,-9999.0,-9999.0,-9999.0,-9999.0,-9999.0,-9999.0,-9999.0,0.0,0,1,"time.struct_time(tm_year=2022, tm_mon=6, tm_mday=6, tm_hour=17, tm_min=4, tm_sec=10, tm_wday=0, tm_yday=157, tm_isdst=-1)",2022-06-06,2022,6,157,6,4
2022-06-06 17:06:40,40.765728,-111.908623,1298.7,-9999.0,-9999.0,-9999.0,13.67,25.19,24.09,41.14,14.0,2.0,24.78,38.0,872.8,0.0,-1.5,2.22,34.9,824.0,-9999.0,-9999.0,-9999.0,-9999.0,-9999.0,-9999.0,-9999.0,0.0,0,1,"time.struct_time(tm_year=2022, tm_mon=6, tm_mday=6, tm_hour=17, tm_min=6, tm_sec=40, tm_wday=0, tm_yday=157, tm_isdst=-1)",2022-06-06,2022,6,157,6,6
2022-06-06 17:09:10,40.765575,-111.908562,1299.9,-9999.0,-9999.0,-9999.0,13.67,25.33,24.07,40.77,12.0,2.0,24.89,37.0,872.6,0.0,-0.6,2.23,35.3,824.6,-9999.0,-9999.0,-9999.0,-9999.0,-9999.0,-9999.0,-9999.0,0.0,0,1,"time.struct_time(tm_year=2022, tm_mon=6, tm_mday=6, tm_hour=17, tm_min=9, tm_sec=10, tm_wday=0, tm_yday=157, tm_isdst=-1)",2022-06-06,2022,6,157,6,9
2022-06-06 17:11:40,40.765694,-111.90844,1300.4,-9999.0,-9999.0,-9999.0,13.67,25.46,24.05,44.01,12.0,2.0,25.11,36.0,872.6,0.0,-1.5,2.23,35.6,824.0,-9999.0,-9999.0,-9999.0,-9999.0,-9999.0,-9999.0,-9999.0,0.0,0,1,"time.struct_time(tm_year=2022, tm_mon=6, tm_mday=6, tm_hour=17, tm_min=11, tm_sec=40, tm_wday=0, tm_yday=157, tm_isdst=-1)",2022-06-06,2022,6,157,6,11
2022-06-06 17:14:10,40.765717,-111.90863,1293.6,-9999.0,-9999.0,-9999.0,13.67,25.59,24.05,45.47,19.0,2.0,25.22,37.0,872.7,0.0,-3.0,2.23,35.9,824.7,-9999.0,-9999.0,-9999.0,-9999.0,-9999.0,-9999.0,-9999.0,0.0,0,1,"time.struct_time(tm_year=2022, tm_mon=6, tm_mday=6, tm_hour=17, tm_min=14, tm_sec=10, tm_wday=0, tm_yday=157, tm_isdst=-1)",2022-06-06,2022,6,157,6,14
2022-06-06 17:16:40,40.765694,-111.90889,1293.1,-9999.0,-9999.0,-9999.0,13.67,25.72,24.08,43.76,27.0,2.0,25.22,37.0,872.7,0.0,-0.2,2.22,36.2,824.1,-9999.0,-9999.0,-9999.0,-9999.0,-9999.0,-9999.0,-9999.0,0.0,0,1,"time.struct_time(tm_year=2022, tm_mon=6, tm_mday=6, tm_hour=17, tm_min=16, tm_sec=40, tm_wday=0, tm_yday=157, tm_isdst=-1)",2022-06-06,2022,6,157,6,16
2022-06-06 17:21:20,40.765488,-111.908508,1294.1,-9999.0,-9999.0,-9999.0,13.67,25.95,24.05,41.23,15.0,2.0,25.28,35.0,872.6,0.0,-1.9,2.23,36.3,824.0,-9999.0,-9999.0,-9999.0,-9999.0,-9999.0,-9999.0,-9999.0,0.0,0,1,"time.struct_time(tm_year=2022, tm_mon=6, tm_mday=6, tm_hour=17, tm_min=21, tm_sec=20, tm_wday=0, tm_yday=157, tm_isdst=-1)",2022-06-06,2022,6,157,6,21
2022-06-06 17:23:50,40.765911,-111.909058,1295.5,-9999.0,-9999.0,-9999.0,13.65,26.05,24.05,41.91,19.0,2.0,25.39,35.0,872.7,0.0,0.0,2.23,36.6,824.7,-9999.0,-9999.0,-9999.0,-9999.0,-9999.0,-9999.0,-9999.0,0.0,0,1,"time.struct_time(tm_year=2022, tm_mon=6, tm_mday=6, tm_hour=17, tm_min=23, tm_sec=50, tm_wday=0, tm_yday=157, tm_isdst=-1)",2022-06-06,2022,6,157,6,23
2022-06-06 17:26:20,40.765717,-111.908829,1296.1,-9999.0,-9999.0,-9999.0,13.67,26.14,24.07,40.56,16.0,2.0,25.5,35.0,872.6,0.0,-1.8,2.22,36.9,824.1,-9999.0,-9999.0,-9999.0,-9999.0,-9999.0,-9999.0,-9999.0,0.0,0,1,"time.struct_time(tm_year=2022, tm_mon=6, tm_mday=6, tm_hour=17, tm_min=26, tm_sec=20, tm_wday=0, tm_yday=157, tm_isdst=-1)",2022-06-06,2022,6,157,6,26
2022-06-06 17:28:50,40.765606,-111.908714,1295.8,-9999.0,-9999.0,-9999.0,13.66,26.24,24.07,37.53,7.0,2.0,25.5,34.0,872.5,0.0,4.7,2.23,37.1,824.9,-9999.0,-9999.0,-9999.0,-9999.0,-9999.0,-9999.0,-9999.0,0.0,0,1,"time.struct_time(tm_year=2022, tm_mon=6, tm_mday=6, tm_hour=17, tm_min=28, tm_sec=50, tm_wday=0, tm_yday=157, tm_isdst=-1)",2022-06-06,2022,6,157,6,28
2022-06-06 17:31:20,40.765823,-111.908791,1296.1,-9999.0,-9999.0,-9999.0,13.63,26.33,24.09,37.79,6.0,2.0,25.61,33.0,872.6,0.0,0.8,2.24,37.3,824.1,-9999.0,-9999.0,-9999.0,-9999.0,-9999.0,-9999.0,-9999.0,0.0,0,1,"time.struct_time(tm_year=2022, tm_mon=6, tm_mday=6, tm_hour=17, tm_min=31, tm_sec=20, tm_wday=0, tm_yday=157, tm_isdst=-1)",2022-06-06,2022,6,157,6,31
2022-06-06 17:33:50,40.765842,-111.908714,1295.9,-9999.0,-9999.0,-9999.0,13.63,26.42,24.13,36.03,6.0,2.0,25.72,32.0,872.5,0.0,1.6,2.23,37.6,824.7,-9999.0,-9999.0,-9999.0,-9999.0,-9999.0,-9999.0,-9999.0,0.0,0,1,"time.struct_time(tm_year=2022, tm_mon=6, tm_mday=6, tm_hour=17, tm_min=33, tm_sec=50, tm_wday=0, tm_yday=157, tm_isdst=-1)",2022-06-06,2022,6,157,6,33
2022-06-06 17:36:20,40.765717,-111.908638,1293.3,-9999.0,-9999.0,-9999.0,13.63,26.51,24.18,37.83,8.0,2.0,25.78,32.0,872.9,0.0,-0.5,2.22,37.8,824.1,-9999.0,-9999.0,-9999.0,-9999.0,-9999.0,-9999.0,-9999.0,0.0,0,1,"time.struct_time(tm_year=2022, tm_mon=6, tm_mday=6, tm_hour=17, tm_min=36, tm_sec=20, tm_wday=0, tm_yday=157, tm_isdst=-1)",2022-06-06,2022,6,157,6,36
2022-06-06 17:38:50,40.765873,-111.908714,1293.7,-9999.0,-9999.0,-9999.0,13.63,26.6,24.21,38.25,13.0,2.0,25.78,32.0,872.8,0.0,-0.6,2.25,37.9,824.8,-9999.0,-9999.0,-9999.0,-9999.0,-9999.0,-9999.0,-9999.0,0.0,0,1,"time.struct_time(tm_year=2022, tm_mon=6, tm_mday=6, tm_hour=17, tm_min=38, tm_sec=50, tm_wday=0, tm_yday=157, tm_isdst=-1)",2022-06-06,2022,6,157,6,38
2022-06-06 17:41:20,40.765678,-111.908562,1293.2,-9999.0,-9999.0,-9999.0,13.63,26.69,24.19,37.97,8.0,2.0,25.89,31.0,872.6,0.0,-1.0,2.23,38.1,824.2,-9999.0,-9999.0,-9999.0,-9999.0,-9999.0,-9999.0,-9999.0,0.0,0,1,"time.struct_time(tm_year=2022, tm_mon=6, tm_mday=6, tm_hour=17, tm_min=41, tm_sec=20, tm_wday=0, tm_yday=157, tm_isdst=-1)",2022-06-06,2022,6,157,6,41
2022-06-06 17:43:50,40.765507,-111.908478,1289.0,-9999.0,-9999.0,-9999.0,13.62,26.77,24.23,36.85,12.0,2.0,26.0,31.0,872.7,0.0,1.8,2.24,38.3,824.8,-9999.0,-9999.0,-9999.0,-9999.0,-9999.0,-9999.0,-9999.0,0.0,0,1,"time.struct_time(tm_year=2022, tm_mon=6, tm_mday=6, tm_hour=17, tm_min=43, tm_sec=50, tm_wday=0, tm_yday=157, tm_isdst=-1)",2022-06-06,2022,6,157,6,43
2022-06-06 17:46:20,40.765636,-111.908691,1288.3,-9999.0,-9999.0,-9999.0,13.63,26.86,24.27,36.45,7.0,2.0,26.11,31.0,872.8,0.0,2.9,2.23,38.5,824.2,-9999.0,-9999.0,-9999.0,-9999.0,-9999.0,-9999.0,-9999.0,0.0,0,1,"time.struct_time(tm_year=2022, tm_mon=6, tm_mday=6, tm_hour=17, tm_min=46, tm_sec=20, tm_wday=0, tm_yday=157, tm_isdst=-1)",2022-06-06,2022,6,157,6,46
2022-06-06 17:48:50,40.765594,-111.908463,1286.1,-9999.0,-9999.0,-9999.0,13.63,26.94,24.32,33.2,3.0,2.0,26.11,30.0,872.6,0.0,8.2,2.24,38.6,824.8,-9999.0,-9999.0,-9999.0,-9999.0,-9999.0,-9999.0,-9999.0,0.0,0,1,"time.struct_time(tm_year=2022, tm_mon=6, tm_mday=6, tm_hour=17, tm_min=48, tm_sec=50, tm_wday=0, tm_yday=157, tm_isdst=-1)",2022-06-06,2022,6,157,6,48
2022-06-06 17:51:20,40.765495,-111.908218,1285.6,-9999.0,-9999.0,-9999.0,13.63,27.02,24.38,33.68,5.0,2.0,26.22,29.0,872.6,0.0,1.4,2.23,38.7,824.1,-9999.0,-9999.0,-9999.0,-9999.0,-9999.0,-9999.0,-9999.0,0.0,0,1,"time.struct_time(tm_year=2022, tm_mon=6, tm_mday=6, tm_hour=17, tm_min=51, tm_sec=20, tm_wday=0, tm_yday=157, tm_isdst=-1)",2022-06-06,2022,6,157,6,51
2022-06-06 17:53:50,40.7658,-111.908813,1279.9,-9999.0,-9999.0,-9999.0,13.62,27.09,24.39,32.87,3.0,2.0,26.22,29.0,872.7,0.0,11.8,2.24,38.9,824.9,-9999.0,-9999.0,-9999.0,-9999.0,-9999.0,-9999.0,-9999.0,0.0,0,1,"time.struct_time(tm_year=2022, tm_mon=6, tm_mday=6, tm_hour=17, tm_min=53, tm_sec=50, tm_wday=0, tm_yday=157, tm_isdst=-1)",2022-06-06,2022,6,157,6,53
2022-06-06 17:56:20,40.765697,-111.908638,1280.3,-9999.0,-9999.0,-9999.0,13.63,27.17,24.44,32.35,3.0,2.0,26.28,28.0,872.6,0.0,12.5,2.24,39.0,824.2,-9999.0,-9999.0,-9999.0,-9999.0,-9999.0,-9999.0,-9999.0,0.0,0,1,"time.struct_time(tm_year=2022, tm_mon=6, tm_mday=6, tm_hour=17, tm_min=56, tm_sec=20, tm_wday=0, tm_yday=157, tm_isdst=-1)",2022-06-06,2022,6,157,6,56
2022-06-06 17:58:50,40.765724,-111.908745,1278.1,-9999.0,-9999.0,-9999.0,13.62,27.24,24.44,31.6,3.0,2.0,26.28,28.0,872.8,0.0,11.9,2.25,39.1,824.7,-9999.0,-9999.0,-9999.0,-9999.0,-9999.0,-9999.0,-9999.0,0.0,0,1,"time.struct_time(tm_year=2022, tm_mon=6, tm_mday=6, tm_hour=17, tm_min=58, tm_sec=50, tm_wday=0, tm_yday=157, tm_isdst=-1)",2022-06-06,2022,6,157,6,58
2022-06-06 18:01:20,40.765533,-111.908836,1271.1,-9999.0,-9999.0,-9999.0,13.63,27.31,24.43,32.27,1.0,2.0,26.39,27.0,872.8,0.0,16.5,2.24,39.2,824.2,-9999.0,-9999.0,-9999.0,-9999.0,-9999.0,-9999.0,-9999.0,0.0,0,1,"time.struct_time(tm_year=2022, tm_mon=6, tm_mday=6, tm_hour=18, tm_min=1, tm_sec=20, tm_wday=0, tm_yday=157, tm_isdst=-1)",2022-06-06,2022,6,157,6,1
2022-06-06 18:03:50,40.765472,-111.90847,1272.8,-9999.0,-9999.0,-9999.0,13.63,27.37,24.44,31.6,1.0,2.0,26.39,27.0,872.8,0.0,19.2,2.24,39.3,824.7,-9999.0,-9999.0,-9999.0,-9999.0,-9999.0,-9999.0,-9999.0,0.0,0,1,"time.struct_time(tm_year=2022, tm_mon=6, tm_mday=6, tm_hour=18, tm_min=3, tm_sec=50, tm_wday=0, tm_yday=157, tm_isdst=-1)",2022-06-06,2022,6,157,6,3
2022-06-06 18:06:20,40.765717,-111.908554,1272.4,-9999.0,-9999.0,-9999.0,13.63,27.43,24.44,31.26,2.0,2.0,26.5,26.0,872.6,0.0,17.3,2.25,39.4,824.1,-9999.0,-9999.0,-9999.0,-9999.0,-9999.0,-9999.0,-9999.0,0.0,0,1,"time.struct_time(tm_year=2022, tm_mon=6, tm_mday=6, tm_hour=18, tm_min=6, tm_sec=20, tm_wday=0, tm_yday=157, tm_isdst=-1)",2022-06-06,2022,6,157,6,6
2022-06-06 18:08:50,40.765705,-111.908745,1276.0,-9999.0,-9999.0,-9999.0,13.63,27.5,24.43,30.94,2.0,2.0,26.5,26.0,872.7,0.0,23.1,2.25,39.5,825.0,-9999.0,-9999.0,-9999.0,-9999.0,-9999.0,-9999.0,-9999.0,0.0,0,1,"time.struct_time(tm_year=2022, tm_mon=6, tm_mday=6, tm_hour=18, tm_min=8, tm_sec=50, tm_wday=0, tm_yday=157, tm_isdst=-1)",2022-06-06,2022,6,157,6,8
2022-06-06 18:11:20,40.765984,-111.90905,1277.6,-9999.0,-9999.0,-9999.0,13.63,27.56,24.43,30.23,2.0,2.0,26.61,26.0,872.9,0.0,26.6,2.23,39.6,824.3,-9999.0,-9999.0,-9999.0,-9999.0,-9999.0,-9999.0,-9999.0,0.0,0,1,"time.struct_time(tm_year=2022, tm_mon=6, tm_mday=6, tm_hour=18, tm_min=11, tm_sec=20, tm_wday=0, tm_yday=157, tm_isdst=-1)",2022-06-06,2022,6,157,6,11
2022-06-06 18:13:50,40.765808,-111.909073,1279.4,-9999.0,-9999.0,-9999.0,13.63,27.61,24.46,29.9,1.0,2.0,26.61,25.0,872.6,0.0,19.5,2.24,39.7,824.8,-9999.0,-9999.0,-9999.0,-9999.0,-9999.0,-9999.0,-9999.0,0.0,0,1,"time.struct_time(tm_year=2022, tm_mon=6, tm_mday=6, tm_hour=18, tm_min=13, tm_sec=50, tm_wday=0, tm_yday=157, tm_isdst=-1)",2022-06-06,2022,6,157,6,13
2022-06-06 18:16:20,40.765686,-111.908897,1280.3,-9999.0,-9999.0,-9999.0,13.63,27.67,24.47,28.85,1.0,2.0,26.72,25.0,872.6,0.0,16.3,2.24,39.8,824.1,-9999.0,-9999.0,-9999.0,-9999.0,-9999.0,-9999.0,-9999.0,0.0,0,1,"time.struct_time(tm_year=2022, tm_mon=6, tm_mday=6, tm_hour=18, tm_min=16, tm_sec=20, tm_wday=0, tm_yday=157, tm_isdst=-1)",2022-06-06,2022,6,157,6,16
2022-06-06 18:18:50,40.765739,-111.908951,1278.7,-9999.0,-9999.0,-9999.0,13.61,27.72,24.53,28.45,2.0,2.0,26.72,24.0,872.7,0.0,26.3,2.25,39.9,824.8,-9999.0,-9999.0,-9999.0,-9999.0,-9999.0,-9999.0,-9999.0,0.0,0,1,"time.struct_time(tm_year=2022, tm_mon=6, tm_mday=6, tm_hour=18, tm_min=18, tm_sec=50, tm_wday=0, tm_yday=157, tm_isdst=-1)",2022-06-06,2022,6,157,6,18
2022-06-06 18:22:25,40.765629,-111.908661,1281.4,-9999.0,-9999.0,-9999.0,13.63,27.8,24.53,28.59,1.0,2.0,26.78,24.0,872.6,0.0,24.5,2.25,40.0,824.8,-9999.0,-9999.0,-9999.0,-9999.0,-9999.0,-9999.0,-9999.0,0.0,0,1,"time.struct_time(tm_year=2022, tm_mon=6, tm_mday=6, tm_hour=18, tm_min=22, tm_sec=25, tm_wday=0, tm_yday=157, tm_isdst=-1)",2022-06-06,2022,6,157,6,22
2022-06-06 18:24:55,40.765778,-111.908989,1286.2,-9999.0,-9999.0,-9999.0,13.63,27.85,24.57,27.81,1.0,2.0,26.78,24.0,872.5,0.0,25.3,2.25,40.1,824.0,-9999.0,-9999.0,-9999.0,-9999.0,-9999.0,-9999.0,-9999.0,0.0,0,1,"time.struct_time(tm_year=2022, tm_mon=6, tm_mday=6, tm_hour=18, tm_min=24, tm_sec=55, tm_wday=0, tm_yday=157, tm_isdst=-1)",2022-06-06,2022,6,157,6,24
2022-06-06 18:27:25,40.765575,-111.908936,1285.1,-9999.0,-9999.0,-9999.0,13.63,27.89,24.58,27.81,1.0,2.0,26.89,23.0,872.6,0.0,24.8,2.25,40.1,824.8,-9999.0,-9999.0,-9999.0,-9999.0,-9999.0,-9999.0,-9999.0,0.0,0,1,"time.struct_time(tm_year=2022, tm_mon=6, tm_mday=6, tm_hour=18, tm_min=27, tm_sec=25, tm_wday=0, tm_yday=157, tm_isdst=-1)",2022-06-06,2022,6,157,6,27
2022-06-06 18:29:55,40.765709,-111.908699,1281.3,-9999.0,-9999.0,-9999.0,13.63,27.94,24.59,27.95,2.0,2.0,26.89,23.0,872.7,0.0,24.6,2.25,40.2,824.1,-9999.0,-9999.0,-9999.0,-9999.0,-9999.0,-9999.0,-9999.0,0.0,0,1,"time.struct_time(tm_year=2022, tm_mon=6, tm_mday=6, tm_hour=18, tm_min=29, tm_sec=55, tm_wday=0, tm_yday=157, tm_isdst=-1)",2022-06-06,2022,6,157,6,29
2022-06-06 18:32:25,40.765553,-111.908714,1279.3,-9999.0,-9999.0,-9999.0,13.63,27.99,24.61,27.73,2.0,2.0,27.0,23.0,872.7,0.0,18.8,2.25,40.3,824.7,-9999.0,-9999.0,-9999.0,-9999.0,-9999.0,-9999.0,-9999.0,0.0,0,1,"time.struct_time(tm_year=2022, tm_mon=6, tm_mday=6, tm_hour=18, tm_min=32, tm_sec=25, tm_wday=0, tm_yday=157, tm_isdst=-1)",2022-06-06,2022,6,157,6,32
2022-06-06 18:34:55,40.765591,-111.908791,1282.8,-9999.0,-9999.0,-9999.0,13.63,28.03,24.65,27.71,2.0,2.0,27.0,23.0,872.8,0.0,19.2,2.23,40.3,824.1,-9999.0,-9999.0,-9999.0,-9999.0,-9999.0,-9999.0,-9999.0,0.0,0,1,"time.struct_time(tm_year=2022, tm_mon=6, tm_mday=6, tm_hour=18, tm_min=34, tm_sec=55, tm_wday=0, tm_yday=157, tm_isdst=-1)",2022-06-06,2022,6,157,6,34
2022-06-06 18:37:25,40.765556,-111.908401,1287.1,-9999.0,-9999.0,-9999.0,13.63,28.08,24.73,27.22,1.0,2.0,27.11,23.0,872.4,0.0,24.7,2.25,40.4,824.7,-9999.0,-9999.0,-9999.0,-9999.0,-9999.0,-9999.0,-9999.0,0.0,0,1,"time.struct_time(tm_year=2022, tm_mon=6, tm_mday=6, tm_hour=18, tm_min=37, tm_sec=25, tm_wday=0, tm_yday=157, tm_isdst=-1)",2022-06-06,2022,6,157,6,37
2022-06-06 18:39:55,40.765568,-111.90863,1285.9,-9999.0,-9999.0,-9999.0,13.63,28.12,24.69,26.44,2.0,2.0,27.11,22.0,872.4,0.0,23.8,2.25,40.5,823.9,-9999.0,-9999.0,-9999.0,-9999.0,-9999.0,-9999.0,-9999.0,0.0,0,1,"time.struct_time(tm_year=2022, tm_mon=6, tm_mday=6, tm_hour=18, tm_min=39, tm_sec=55, tm_wday=0, tm_yday=157, tm_isdst=-1)",2022-06-06,2022,6,157,6,39
2022-06-06 18:42:25,40.765732,-111.908875,1287.2,-9999.0,-9999.0,-9999.0,13.63,28.16,24.71,26.04,3.0,2.0,27.11,22.0,872.5,0.0,26.8,2.25,40.5,824.6,-9999.0,-9999.0,-9999.0,-9999.0,-9999.0,-9999.0,-9999.0,0.0,0,1,"time.struct_time(tm_year=2022, tm_mon=6, tm_mday=6, tm_hour=18, tm_min=42, tm_sec=25, tm_wday=0, tm_yday=157, tm_isdst=-1)",2022-06-06,2022,6,157,6,42
2022-06-06 18:44:55,40.765755,-111.908943,1287.4,-9999.0,-9999.0,-9999.0,13.63,28.2,24.73,26.32,4.0,2.0,27.22,22.0,872.5,0.0,18.0,2.25,40.6,823.9,-9999.0,-9999.0,-9999.0,-9999.0,-9999.0,-9999.0,-9999.0,0.0,0,1,"time.struct_time(tm_year=2022, tm_mon=6, tm_mday=6, tm_hour=18, tm_min=44, tm_sec=55, tm_wday=0, tm_yday=157, tm_isdst=-1)",2022-06-06,2022,6,157,6,44
2022-06-06 18:47:25,40.765644,-111.9086,1286.2,-9999.0,-9999.0,-9999.0,13.63,28.23,24.77,24.98,3.0,2.0,27.22,21.0,872.7,0.0,19.2,2.25,40.6,824.5,-9999.0,-9999.0,-9999.0,-9999.0,-9999.0,-9999.0,-9999.0,0.0,0,1,"time.struct_time(tm_year=2022, tm_mon=6, tm_mday=6, tm_hour=18, tm_min=47, tm_sec=25, tm_wday=0, tm_yday=157, tm_isdst=-1)",2022-06-06,2022,6,157,6,47
2022-06-06 18:49:55,40.765701,-111.908859,1288.3,-9999.0,-9999.0,-9999.0,13.63,28.27,24.81,26.65,4.0,2.0,27.28,21.0,872.3,0.0,18.1,2.25,40.7,823.8,-9999.0,-9999.0,-9999.0,-9999.0,-9999.0,-9999.0,-9999.0,0.0,0,1,"time.struct_time(tm_year=2022, tm_mon=6, tm_mday=6, tm_hour=18, tm_min=49, tm_sec=55, tm_wday=0, tm_yday=157, tm_isdst=-1)",2022-06-06,2022,6,157,6,49
2022-06-06 18:52:25,40.765701,-111.908775,1288.4,-9999.0,-9999.0,-9999.0,13.63,28.31,24.86,25.7,4.0,2.0,27.28,21.0,872.3,0.0,7.9,2.25,40.7,824.5,-9999.0,-9999.0,-9999.0,-9999.0,-9999.0,-9999.0,-9999.0,0.0,0,1,"time.struct_time(tm_year=2022, tm_mon=6, tm_mday=6, tm_hour=18, tm_min=52, tm_sec=25, tm_wday=0, tm_yday=157, tm_isdst=-1)",2022-06-06,2022,6,157,6,52
2022-06-06 18:54:55,40.765797,-111.908737,1286.7,-9999.0,-9999.0,-9999.0,13.63,28.35,24.87,25.46,5.0,2.0,27.39,21.0,872.3,0.0,10.5,2.25,40.8,823.8,-9999.0,-9999.0,-9999.0,-9999.0,-9999.0,-9999.0,-9999.0,0.0,0,1,"time.struct_time(tm_year=2022, tm_mon=6, tm_mday=6, tm_hour=18, tm_min=54, tm_sec=55, tm_wday=0, tm_yday=157, tm_isdst=-1)",2022-06-06,2022,6,157,6,54
2022-06-06 18:57:25,40.765652,-111.908745,1286.3,-9999.0,-9999.0,-9999.0,13.63,28.39,24.94,24.9,3.0,2.0,27.39,21.0,872.3,0.0,12.8,2.25,40.8,824.4,-9999.0,-9999.0,-9999.0,-9999.0,-9999.0,-9999.0,-9999.0,0.0,0,1,"time.struct_time(tm_year=2022, tm_mon=6, tm_mday=6, tm_hour=18, tm_min=57, tm_sec=25, tm_wday=0, tm_yday=157, tm_isdst=-1)",2022-06-06,2022,6,157,6,57
2022-06-06 18:59:55,40.765709,-111.908936,1289.3,-9999.0,-9999.0,-9999.0,13.63,28.43,24.98,24.84,3.0,2.0,27.39,20.0,872.4,0.0,14.6,2.25,40.9,823.8,-9999.0,-9999.0,-9999.0,-9999.0,-9999.0,-9999.0,-9999.0,0.0,0,1,"time.struct_time(tm_year=2022, tm_mon=6, tm_mday=6, tm_hour=18, tm_min=59, tm_sec=55, tm_wday=0, tm_yday=157, tm_isdst=-1)",2022-06-06,2022,6,157,6,59
2022-06-06 19:02:25,40.765884,-111.908791,1288.5,-9999.0,-9999.0,-9999.0,13.63,28.47,24.99,24.02,2.0,2.0,27.5,20.0,872.4,0.0,19.7,2.25,40.9,824.4,-9999.0,-9999.0,-9999.0,-9999.0,-9999.0,-9999.0,-9999.0,0.0,0,1,"time.struct_time(tm_year=2022, tm_mon=6, tm_mday=6, tm_hour=19, tm_min=2, tm_sec=25, tm_wday=0, tm_yday=157, tm_isdst=-1)",2022-06-06,2022,6,157,6,2
2022-06-06 19:04:55,40.765739,-111.908714,1289.2,-9999.0,-9999.0,-9999.0,13.63,28.5,25.01,24.23,2.0,2.0,27.5,20.0,872.3,0.0,17.2,2.26,41.0,823.9,-9999.0,-9999.0,-9999.0,-9999.0,-9999.0,-9999.0,-9999.0,0.0,0,1,"time.struct_time(tm_year=2022, tm_mon=6, tm_mday=6, tm_hour=19, tm_min=4, tm_sec=55, tm_wday=0, tm_yday=157, tm_isdst=-1)",2022-06-06,2022,6,157,6,4
2022-06-06 19:07:25,40.765629,-111.908722,1289.9,-9999.0,-9999.0,-9999.0,13.63,28.54,25.04,23.16,2.0,2.0,27.5,20.0,872.4,0.0,26.0,2.25,41.0,824.4,-9999.0,-9999.0,-9999.0,-9999.0,-9999.0,-9999.0,-9999.0,0.0,0,1,"time.struct_time(tm_year=2022, tm_mon=6, tm_mday=6, tm_hour=19, tm_min=7, tm_sec=25, tm_wday=0, tm_yday=157, tm_isdst=-1)",2022-06-06,2022,6,157,6,7
2022-06-06 19:09:55,40.765633,-111.908676,1289.8,-9999.0,-9999.0,-9999.0,13.63,28.57,25.07,23.4,3.0,2.0,27.5,19.0,872.6,0.0,22.2,2.28,41.0,823.8,-9999.0,-9999.0,-9999.0,-9999.0,-9999.0,-9999.0,-9999.0,0.0,0,1,"time.struct_time(tm_year=2022, tm_mon=6, tm_mday=6, tm_hour=19, tm_min=9, tm_sec=55, tm_wday=0, tm_yday=157, tm_isdst=-1)",2022-06-06,2022,6,157,6,9
2022-06-06 19:12:25,40.765587,-111.90863,1292.0,-9999.0,-9999.0,-9999.0,13.63,28.6,25.12,23.75,3.0,2.0,27.61,19.0,872.5,0.0,19.5,2.26,41.1,824.4,-9999.0,-9999.0,-9999.0,-9999.0,-9999.0,-9999.0,-9999.0,0.0,0,1,"time.struct_time(tm_year=2022, tm_mon=6, tm_mday=6, tm_hour=19, tm_min=12, tm_sec=25, tm_wday=0, tm_yday=157, tm_isdst=-1)",2022-06-06,2022,6,157,6,12
2022-06-06 19:14:55,40.765636,-111.908775,1292.2,-9999.0,-9999.0,-9999.0,13.59,28.64,25.18,22.93,2.0,2.0,27.61,19.0,872.6,0.0,23.6,2.24,41.1,823.8,-9999.0,-9999.0,-9999.0,-9999.0,-9999.0,-9999.0,-9999.0,0.0,0,1,"time.struct_time(tm_year=2022, tm_mon=6, tm_mday=6, tm_hour=19, tm_min=14, tm_sec=55, tm_wday=0, tm_yday=157, tm_isdst=-1)",2022-06-06,2022,6,157,6,14
2022-06-06 19:17:25,40.765694,-111.908859,1292.1,-9999.0,-9999.0,-9999.0,13.59,28.67,25.16,23.01,4.0,2.0,27.72,19.0,872.4,0.0,25.7,2.25,41.2,824.4,-9999.0,-9999.0,-9999.0,-9999.0,-9999.0,-9999.0,-9999.0,0.0,0,1,"time.struct_time(tm_year=2022, tm_mon=6, tm_mday=6, tm_hour=19, tm_min=17, tm_sec=25, tm_wday=0, tm_yday=157, tm_isdst=-1)",2022-06-06,2022,6,157,6,17
2022-06-06 19:19:55,40.765617,-111.908699,1293.0,-9999.0,-9999.0,-9999.0,13.59,28.7,25.2,22.63,2.0,2.0,27.72,19.0,872.4,0.0,22.5,2.25,41.2,823.9,-9999.0,-9999.0,-9999.0,-9999.0,-9999.0,-9999.0,-9999.0,0.0,0,1,"time.struct_time(tm_year=2022, tm_mon=6, tm_mday=6, tm_hour=19, tm_min=19, tm_sec=55, tm_wday=0, tm_yday=157, tm_isdst=-1)",2022-06-06,2022,6,157,6,19
2022-06-06 19:23:30,40.765694,-111.908798,1292.8,-9999.0,-9999.0,-9999.0,13.6,28.74,25.24,22.71,3.0,2.0,27.72,19.0,872.5,0.0,18.0,2.26,41.3,823.8,-9999.0,-9999.0,-9999.0,-9999.0,-9999.0,-9999.0,-9999.0,0.0,0,1,"time.struct_time(tm_year=2022, tm_mon=6, tm_mday=6, tm_hour=19, tm_min=23, tm_sec=30, tm_wday=0, tm_yday=157, tm_isdst=-1)",2022-06-06,2022,6,157,6,23
2022-06-06 19:26:00,40.765808,-111.908661,1292.1,-9999.0,-9999.0,-9999.0,13.59,28.77,25.26,22.55,2.0,2.0,27.78,19.0,872.4,0.0,22.3,2.25,41.3,823.9,-9999.0,-9999.0,-9999.0,-9999.0,-9999.0,-9999.0,-9999.0,0.0,0,1,"time.struct_time(tm_year=2022, tm_mon=6, tm_mday=6, tm_hour=19, tm_min=26, tm_sec=0, tm_wday=0, tm_yday=157, tm_isdst=-1)",2022-06-06,2022,6,157,6,26
2022-06-06 19:28:30,40.765614,-111.908882,1290.5,-9999.0,-9999.0,-9999.0,13.59,28.8,25.28,22.29,2.0,2.0,27.78,18.0,872.4,0.0,32.5,2.25,41.3,823.9,-9999.0,-9999.0,-9999.0,-9999.0,-9999.0,-9999.0,-9999.0,0.0,0,1,"time.struct_time(tm_year=2022, tm_mon=6, tm_mday=6, tm_hour=19, tm_min=28, tm_sec=30, tm_wday=0, tm_yday=157, tm_isdst=-1)",2022-06-06,2022,6,157,6,28
2022-06-06 19:31:00,40.765713,-111.908768,1289.8,-9999.0,-9999.0,-9999.0,13.59,28.83,25.29,22.37,2.0,2.0,27.78,18.0,872.6,0.0,32.5,2.24,41.4,823.8,-9999.0,-9999.0,-9999.0,-9999.0,-9999.0,-9999.0,-9999.0,0.0,0,1,"time.struct_time(tm_year=2022, tm_mon=6, tm_mday=6, tm_hour=19, tm_min=31, tm_sec=0, tm_wday=0, tm_yday=157, tm_isdst=-1)",2022-06-06,2022,6,157,6,31
2022-06-06 19:33:30,40.765678,-111.908768,1288.0,-9999.0,-9999.0,-9999.0,13.59,28.86,25.32,22.31,1.0,2.0,27.78,18.0,872.3,0.0,30.7,2.25,41.4,823.7,-9999.0,-9999.0,-9999.0,-9999.0,-9999.0,-9999.0,-9999.0,0.0,0,1,"time.struct_time(tm_year=2022, tm_mon=6, tm_mday=6, tm_hour=19, tm_min=33, tm_sec=30, tm_wday=0, tm_yday=157, tm_isdst=-1)",2022-06-06,2022,6,157,6,33
2022-06-06 19:36:00,40.765625,-111.90873,1285.4,-9999.0,-9999.0,-9999.0,13.59,28.89,25.32,22.22,1.0,2.0,27.89,18.0,872.4,0.0,29.1,2.25,41.4,823.7,-9999.0,-9999.0,-9999.0,-9999.0,-9999.0,-9999.0,-9999.0,0.0,0,1,"time.struct_time(tm_year=2022, tm_mon=6, tm_mday=6, tm_hour=19, tm_min=36, tm_sec=0, tm_wday=0, tm_yday=157, tm_isdst=-1)",2022-06-06,2022,6,157,6,36
2022-06-06 19:38:30,40.765583,-111.908852,1285.7,-9999.0,-9999.0,-9999.0,13.59,28.91,25.32,21.86,1.0,2.0,27.89,18.0,872.5,0.0,31.7,2.26,41.5,823.7,-9999.0,-9999.0,-9999.0,-9999.0,-9999.0,-9999.0,-9999.0,0.0,0,1,"time.struct_time(tm_year=2022, tm_mon=6, tm_mday=6, tm_hour=19, tm_min=38, tm_sec=30, tm_wday=0, tm_yday=157, tm_isdst=-1)",2022-06-06,2022,6,157,6,38
2022-06-06 19:41:00,40.765614,-111.90889,1286.6,-9999.0,-9999.0,-9999.0,13.6,28.94,25.34,22.12,2.0,2.0,27.89,18.0,872.5,0.0,23.9,2.24,41.5,823.7,-9999.0,-9999.0,-9999.0,-9999.0,-9999.0,-9999.0,-9999.0,0.0,0,1,"time.struct_time(tm_year=2022, tm_mon=6, tm_mday=6, tm_hour=19, tm_min=41, tm_sec=0, tm_wday=0, tm_yday=157, tm_isdst=-1)",2022-06-06,2022,6,157,6,41
2022-06-06 19:43:30,40.765694,-111.908859,1293.5,-9999.0,-9999.0,-9999.0,13.59,28.97,25.34,22.01,1.0,2.0,27.89,18.0,872.3,0.0,24.9,2.25,41.5,823.6,-9999.0,-9999.0,-9999.0,-9999.0,-9999.0,-9999.0,-9999.0,0.0,0,1,"time.struct_time(tm_year=2022, tm_mon=6, tm_mday=6, tm_hour=19, tm_min=43, tm_sec=30, tm_wday=0, tm_yday=157, tm_isdst=-1)",2022-06-06,2022,6,157,6,43
2022-06-06 19:46:00,40.765656,-111.908829,1293.0,-9999.0,-9999.0,-9999.0,13.59,28.99,25.36,21.88,1.0,2.0,28.0,18.0,872.2,0.0,24.9,2.26,41.6,823.6,-9999.0,-9999.0,-9999.0,-9999.0,-9999.0,-9999.0,-9999.0,0.0,0,1,"time.struct_time(tm_year=2022, tm_mon=6, tm_mday=6, tm_hour=19, tm_min=46, tm_sec=0, tm_wday=0, tm_yday=157, tm_isdst=-1)",2022-06-06,2022,6,157,6,46
2022-06-06 19:48:30,40.765743,-111.908669,1293.6,-9999.0,-9999.0,-9999.0,13.59,29.02,25.36,22.32,2.0,2.0,28.0,18.0,872.5,0.0,24.3,2.25,41.6,823.7,-9999.0,-9999.0,-9999.0,-9999.0,-9999.0,-9999.0,-9999.0,0.0,0,1,"time.struct_time(tm_year=2022, tm_mon=6, tm_mday=6, tm_hour=19, tm_min=48, tm_sec=30, tm_wday=0, tm_yday=157, tm_isdst=-1)",2022-06-06,2022,6,157,6,48
2022-06-06 19:51:00,40.765785,-111.908875,1300.3,-9999.0,-9999.0,-9999.0,13.6,29.04,25.35,22.32,2.0,2.0,28.0,18.0,872.3,0.0,24.8,2.25,41.6,823.7,-9999.0,-9999.0,-9999.0,-9999.0,-9999.0,-9999.0,-9999.0,0.0,0,1,"time.struct_time(tm_year=2022, tm_mon=6, tm_mday=6, tm_hour=19, tm_min=51, tm_sec=0, tm_wday=0, tm_yday=157, tm_isdst=-1)",2022-06-06,2022,6,157,6,51
2022-06-06 19:53:30,40.765652,-111.908676,1299.1,-9999.0,-9999.0,-9999.0,13.59,29.07,25.38,22.61,1.0,2.0,28.0,18.0,872.5,0.0,26.8,2.26,41.6,823.7,-9999.0,-9999.0,-9999.0,-9999.0,-9999.0,-9999.0,-9999.0,0.0,0,1,"time.struct_time(tm_year=2022, tm_mon=6, tm_mday=6, tm_hour=19, tm_min=53, tm_sec=30, tm_wday=0, tm_yday=157, tm_isdst=-1)",2022-06-06,2022,6,157,6,53
2022-06-06 19:56:00,40.765621,-111.908783,1298.6,-9999.0,-9999.0,-9999.0,13.6,29.09,25.37,22.44,2.0,2.0,28.11,18.0,872.4,0.0,26.4,2.25,41.7,823.6,-9999.0,-9999.0,-9999.0,-9999.0,-9999.0,-9999.0,-9999.0,0.0,0,1,"time.struct_time(tm_year=2022, tm_mon=6, tm_mday=6, tm_hour=19, tm_min=56, tm_sec=0, tm_wday=0, tm_yday=157, tm_isdst=-1)",2022-06-06,2022,6,157,6,56
2022-06-06 19:58:30,40.765549,-111.908562,1298.5,-9999.0,-9999.0,-9999.0,13.59,29.12,25.44,23.26,2.0,2.0,28.11,18.0,872.3,0.0,25.1,2.25,41.7,823.6,-9999.0,-9999.0,-9999.0,-9999.0,-9999.0,-9999.0,-9999.0,0.0,0,1,"time.struct_time(tm_year=2022, tm_mon=6, tm_mday=6, tm_hour=19, tm_min=58, tm_sec=30, tm_wday=0, tm_yday=157, tm_isdst=-1)",2022-06-06,2022,6,157,6,58
2022-06-06 20:01:00,40.765499,-111.908531,1296.5,-9999.0,-9999.0,-9999.0,13.59,29.14,25.41,22.87,2.0,2.0,28.11,18.0,872.4,0.0,26.5,2.24,41.7,823.7,-9999.0,-9999.0,-9999.0,-9999.0,-9999.0,-9999.0,-9999.0,0.0,0,1,"time.struct_time(tm_year=2022, tm_mon=6, tm_mday=6, tm_hour=20, tm_min=1, tm_sec=0, tm_wday=0, tm_yday=157, tm_isdst=-1)",2022-06-06,2022,6,157,6,1
2022-06-06 20:03:30,40.765713,-111.908676,1297.0,-9999.0,-9999.0,-9999.0,13.59,29.16,25.4,23.27,1.0,2.0,28.22,18.0,872.3,0.0,25.2,2.24,41.8,823.6,-9999.0,-9999.0,-9999.0,-9999.0,-9999.0,-9999.0,-9999.0,0.0,0,1,"time.struct_time(tm_year=2022, tm_mon=6, tm_mday=6, tm_hour=20, tm_min=3, tm_sec=30, tm_wday=0, tm_yday=157, tm_isdst=-1)",2022-06-06,2022,6,157,6,3
2022-06-06 20:06:00,40.765663,-111.908806,1298.2,-9999.0,-9999.0,-9999.0,13.59,29.19,25.43,22.85,1.0,2.0,28.22,18.0,872.4,0.0,22.8,2.25,41.8,823.6,-9999.0,-9999.0,-9999.0,-9999.0,-9999.0,-9999.0,-9999.0,0.0,0,1,"time.struct_time(tm_year=2022, tm_mon=6, tm_mday=6, tm_hour=20, tm_min=6, tm_sec=0, tm_wday=0, tm_yday=157, tm_isdst=-1)",2022-06-06,2022,6,157,6,6
2022-06-06 20:08:30,40.76556,-111.908417,1293.3,-9999.0,-9999.0,-9999.0,13.59,29.21,25.42,23.13,1.0,2.0,28.22,18.0,872.1,0.0,22.9,2.25,41.8,823.6,-9999.0,-9999.0,-9999.0,-9999.0,-9999.0,-9999.0,-9999.0,0.0,0,1,"time.struct_time(tm_year=2022, tm_mon=6, tm_mday=6, tm_hour=20, tm_min=8, tm_sec=30, tm_wday=0, tm_yday=157, tm_isdst=-1)",2022-06-06,2022,6,157,6,8
2022-06-06 20:11:00,40.765717,-111.908791,1289.1,-9999.0,-9999.0,-9999.0,13.59,29.23,25.42,22.83,2.0,2.0,28.22,18.0,872.1,0.0,24.5,2.25,41.8,823.5,-9999.0,-9999.0,-9999.0,-9999.0,-9999.0,-9999.0,-9999.0,0.0,0,1,"time.struct_time(tm_year=2022, tm_mon=6, tm_mday=6, tm_hour=20, tm_min=11, tm_sec=0, tm_wday=0, tm_yday=157, tm_isdst=-1)",2022-06-06,2022,6,157,6,11
2022-06-06 20:13:30,40.765682,-111.908867,1283.6,-9999.0,-9999.0,-9999.0,13.59,29.25,25.4,22.71,2.0,2.0,28.22,18.0,872.1,0.0,23.4,2.25,41.9,823.6,-9999.0,-9999.0,-9999.0,-9999.0,-9999.0,-9999.0,-9999.0,0.0,0,1,"time.struct_time(tm_year=2022, tm_mon=6, tm_mday=6, tm_hour=20, tm_min=13, tm_sec=30, tm_wday=0, tm_yday=157, tm_isdst=-1)",2022-06-06,2022,6,157,6,13
2022-06-06 20:16:00,40.76556,-111.908867,1283.3,-9999.0,-9999.0,-9999.0,13.59,29.27,25.41,22.7,1.0,2.0,28.22,18.0,872.1,0.0,23.1,2.26,41.9,823.6,-9999.0,-9999.0,-9999.0,-9999.0,-9999.0,-9999.0,-9999.0,0.0,0,1,"time.struct_time(tm_year=2022, tm_mon=6, tm_mday=6, tm_hour=20, tm_min=16, tm_sec=0, tm_wday=0, tm_yday=157, tm_isdst=-1)",2022-06-06,2022,6,157,6,16
2022-06-06 20:18:30,40.765682,-111.908813,1291.5,-9999.0,-9999.0,-9999.0,13.59,29.29,25.39,22.8,1.0,2.0,28.22,18.0,872.2,0.0,27.5,2.25,41.9,823.4,-9999.0,-9999.0,-9999.0,-9999.0,-9999.0,-9999.0,-9999.0,0.0,0,1,"time.struct_time(tm_year=2022, tm_mon=6, tm_mday=6, tm_hour=20, tm_min=18, tm_sec=30, tm_wday=0, tm_yday=157, tm_isdst=-1)",2022-06-06,2022,6,157,6,18
2022-06-06 20:21:00,40.765678,-111.908813,1295.4,-9999.0,-9999.0,-9999.0,13.59,29.31,25.38,22.52,2.0,2.0,28.22,18.0,872.4,0.0,25.4,2.25,41.9,823.5,-9999.0,-9999.0,-9999.0,-9999.0,-9999.0,-9999.0,-9999.0,0.0,0,1,"time.struct_time(tm_year=2022, tm_mon=6, tm_mday=6, tm_hour=20, tm_min=21, tm_sec=0, tm_wday=0, tm_yday=157, tm_isdst=-1)",2022-06-06,2022,6,157,6,21
2022-06-06 20:24:40,40.765697,-111.90873,1294.5,-9999.0,-9999.0,-9999.0,13.58,29.33,25.38,22.83,3.0,2.0,28.28,18.0,872.3,0.0,25.4,2.25,42.0,823.4,-9999.0,-9999.0,-9999.0,-9999.0,-9999.0,-9999.0,-9999.0,0.0,0,1,"time.struct_time(tm_year=2022, tm_mon=6, tm_mday=6, tm_hour=20, tm_min=24, tm_sec=40, tm_wday=0, tm_yday=157, tm_isdst=-1)",2022-06-06,2022,6,157,6,24
2022-06-06 20:27:10,40.765709,-111.908661,1297.8,-9999.0,-9999.0,-9999.0,13.59,29.35,25.38,22.97,3.0,2.0,28.28,18.0,872.3,0.0,26.3,2.26,42.0,823.4,-9999.0,-9999.0,-9999.0,-9999.0,-9999.0,-9999.0,-9999.0,0.0,0,1,"time.struct_time(tm_year=2022, tm_mon=6, tm_mday=6, tm_hour=20, tm_min=27, tm_sec=10, tm_wday=0, tm_yday=157, tm_isdst=-1)",2022-06-06,2022,6,157,6,27
2022-06-06 20:29:40,40.765648,-111.908653,1289.0,-9999.0,-9999.0,-9999.0,13.59,29.37,25.42,23.03,2.0,2.0,28.28,18.0,872.0,0.0,23.3,2.25,42.0,823.4,-9999.0,-9999.0,-9999.0,-9999.0,-9999.0,-9999.0,-9999.0,0.0,0,1,"time.struct_time(tm_year=2022, tm_mon=6, tm_mday=6, tm_hour=20, tm_min=29, tm_sec=40, tm_wday=0, tm_yday=157, tm_isdst=-1)",2022-06-06,2022,6,157,6,29
2022-06-06 20:32:10,40.765633,-111.908707,1269.4,-9999.0,-9999.0,-9999.0,13.59,29.39,25.44,23.12,2.0,2.0,28.28,18.0,871.9,0.0,24.3,2.26,42.0,823.3,-9999.0,-9999.0,-9999.0,-9999.0,-9999.0,-9999.0,-9999.0,0.0,0,1,"time.struct_time(tm_year=2022, tm_mon=6, tm_mday=6, tm_hour=20, tm_min=32, tm_sec=10, tm_wday=0, tm_yday=157, tm_isdst=-1)",2022-06-06,2022,6,157,6,32
2022-06-06 20:34:40,40.76545,-111.908081,1273.8,-9999.0,-9999.0,-9999.0,13.59,29.41,25.48,23.08,1.0,2.0,28.28,18.0,872.2,0.0,26.6,2.26,42.0,823.3,-9999.0,-9999.0,-9999.0,-9999.0,-9999.0,-9999.0,-9999.0,0.0,0,1,"time.struct_time(tm_year=2022, tm_mon=6, tm_mday=6, tm_hour=20, tm_min=34, tm_sec=40, tm_wday=0, tm_yday=157, tm_isdst=-1)",2022-06-06,2022,6,157,6,34
2022-06-06 20:37:10,40.765526,-111.908577,1286.5,-9999.0,-9999.0,-9999.0,13.59,29.43,25.5,23.09,2.0,2.0,28.39,18.0,872.1,0.0,22.7,2.26,42.1,823.2,-9999.0,-9999.0,-9999.0,-9999.0,-9999.0,-9999.0,-9999.0,0.0,0,1,"time.struct_time(tm_year=2022, tm_mon=6, tm_mday=6, tm_hour=20, tm_min=37, tm_sec=10, tm_wday=0, tm_yday=157, tm_isdst=-1)",2022-06-06,2022,6,157,6,37
2022-06-06 20:39:40,40.765701,-111.908661,1298.4,-9999.0,-9999.0,-9999.0,13.59,29.45,25.52,23.27,3.0,2.0,28.39,18.0,872.0,0.0,27.1,2.24,42.1,823.3,-9999.0,-9999.0,-9999.0,-9999.0,-9999.0,-9999.0,-9999.0,0.0,0,1,"time.struct_time(tm_year=2022, tm_mon=6, tm_mday=6, tm_hour=20, tm_min=39, tm_sec=40, tm_wday=0, tm_yday=157, tm_isdst=-1)",2022-06-06,2022,6,157,6,39
2022-06-06 20:42:10,40.765656,-111.908714,1281.6,-9999.0,-9999.0,-9999.0,13.59,29.47,25.55,23.3,3.0,2.0,28.39,18.0,871.8,0.0,21.2,2.26,42.1,823.2,-9999.0,-9999.0,-9999.0,-9999.0,-9999.0,-9999.0,-9999.0,0.0,0,1,"time.struct_time(tm_year=2022, tm_mon=6, tm_mday=6, tm_hour=20, tm_min=42, tm_sec=10, tm_wday=0, tm_yday=157, tm_isdst=-1)",2022-06-06,2022,6,157,6,42
2022-06-06 20:44:40,40.765736,-111.908684,1284.2,-9999.0,-9999.0,-9999.0,13.59,29.49,25.5,23.37,3.0,2.0,28.39,18.0,871.8,0.0,25.4,2.26,42.1,823.9,-9999.0,-9999.0,-9999.0,-9999.0,-9999.0,-9999.0,-9999.0,0.0,0,1,"time.struct_time(tm_year=2022, tm_mon=6, tm_mday=6, tm_hour=20, tm_min=44, tm_sec=40, tm_wday=0, tm_yday=157, tm_isdst=-1)",2022-06-06,2022,6,157,6,44
2022-06-06 20:47:10,40.76564,-111.908691,1275.1,-9999.0,-9999.0,-9999.0,13.59,29.51,25.5,23.9,2.0,2.0,28.39,18.0,871.9,0.0,24.2,2.25,42.2,823.2,-9999.0,-9999.0,-9999.0,-9999.0,-9999.0,-9999.0,-9999.0,0.0,0,1,"time.struct_time(tm_year=2022, tm_mon=6, tm_mday=6, tm_hour=20, tm_min=47, tm_sec=10, tm_wday=0, tm_yday=157, tm_isdst=-1)",2022-06-06,2022,6,157,6,47
2022-06-06 20:49:40,40.7654,-111.908585,1276.8,-9999.0,-9999.0,-9999.0,13.59,29.53,25.5,23.99,2.0,2.0,28.5,18.0,871.8,0.0,23.9,2.26,42.2,823.8,-9999.0,-9999.0,-9999.0,-9999.0,-9999.0,-9999.0,-9999.0,0.0,0,1,"time.struct_time(tm_year=2022, tm_mon=6, tm_mday=6, tm_hour=20, tm_min=49, tm_sec=40, tm_wday=0, tm_yday=157, tm_isdst=-1)",2022-06-06,2022,6,157,6,49
2022-06-16 16:22:25,40.7677,-111.919334,169.4,-9999.0,-9999.0,-9999.0,13.7,22.45,23.63,22.11,4.0,2.0,22.61,26.0,872.7,0.0,8.9,2.15,27.2,824.9,-9999.0,-9999.0,-9999.0,-9999.0,-9999.0,-9999.0,-9999.0,0.0,0,0,"time.struct_time(tm_year=2022, tm_mon=6, tm_mday=16, tm_hour=16, tm_min=22, tm_sec=25, tm_wday=3, tm_yday=167, tm_isdst=-1)",2022-06-16,2022,6,167,16,22
2022-06-16 16:24:55,40.767639,-111.920235,173.4,-9999.0,-9999.0,-9999.0,13.7,22.57,23.67,21.63,3.0,2.0,22.72,26.0,872.8,0.0,12.7,2.16,28.2,824.2,-9999.0,-9999.0,-9999.0,-9999.0,-9999.0,-9999.0,-9999.0,0.0,0,0,"time.struct_time(tm_year=2022, tm_mon=6, tm_mday=16, tm_hour=16, tm_min=24, tm_sec=55, tm_wday=3, tm_yday=167, tm_isdst=-1)",2022-06-16,2022,6,167,16,24
2022-06-16 16:27:25,40.767872,-111.920311,177.0,-9999.0,-9999.0,-9999.0,13.18,22.71,23.71,21.44,3.0,2.0,22.89,25.0,872.7,0.0,12.0,2.17,29.0,824.7,-9999.0,-9999.0,-9999.0,-9999.0,-9999.0,-9999.0,-9999.0,0.0,0,0,"time.struct_time(tm_year=2022, tm_mon=6, tm_mday=16, tm_hour=16, tm_min=27, tm_sec=25, tm_wday=3, tm_yday=167, tm_isdst=-1)",2022-06-16,2022,6,167,16,27
2022-06-16 16:29:55,40.767727,-111.920952,185.9,-9999.0,-9999.0,-9999.0,13.7,22.87,23.79,21.57,5.0,2.0,23.0,25.0,872.5,0.0,13.8,2.19,29.8,824.1,-9999.0,-9999.0,-9999.0,-9999.0,-9999.0,-9999.0,-9999.0,0.0,0,0,"time.struct_time(tm_year=2022, tm_mon=6, tm_mday=16, tm_hour=16, tm_min=29, tm_sec=55, tm_wday=3, tm_yday=167, tm_isdst=-1)",2022-06-16,2022,6,167,16,29
2022-06-16 16:32:25,40.767117,-111.921638,214.2,-9999.0,-9999.0,-9999.0,13.7,23.04,23.84,21.43,4.0,2.0,23.22,25.0,872.5,0.0,14.5,2.2,30.5,824.7,-9999.0,-9999.0,-9999.0,-9999.0,-9999.0,-9999.0,-9999.0,0.0,0,0,"time.struct_time(tm_year=2022, tm_mon=6, tm_mday=16, tm_hour=16, tm_min=32, tm_sec=25, tm_wday=3, tm_yday=167, tm_isdst=-1)",2022-06-16,2022,6,167,16,32
2022-06-16 16:35:00,40.76762,-111.923103,275.4,-9999.0,-9999.0,-9999.0,13.7,23.22,23.89,21.54,4.0,2.0,23.28,25.0,872.5,0.0,12.5,2.19,31.1,824.6,-9999.0,-9999.0,-9999.0,-9999.0,-9999.0,-9999.0,-9999.0,0.0,0,0,"time.struct_time(tm_year=2022, tm_mon=6, tm_mday=16, tm_hour=16, tm_min=35, tm_sec=0, tm_wday=3, tm_yday=167, tm_isdst=-1)",2022-06-16,2022,6,167,16,35
2022-06-16 16:37:30,40.767174,-111.92028,440.4,-9999.0,-9999.0,-9999.0,13.7,23.39,23.93,21.64,4.0,2.0,23.5,25.0,872.7,0.0,12.3,2.2,31.7,824.0,-9999.0,-9999.0,-9999.0,-9999.0,-9999.0,-9999.0,-9999.0,0.0,0,1,"time.struct_time(tm_year=2022, tm_mon=6, tm_mday=16, tm_hour=16, tm_min=37, tm_sec=30, tm_wday=3, tm_yday=167, tm_isdst=-1)",2022-06-16,2022,6,167,16,37
2022-06-16 16:40:05,40.765656,-111.913078,964.1,-9999.0,-9999.0,-9999.0,13.67,23.58,24.0,21.43,4.0,2.0,23.72,24.0,872.5,0.0,15.3,2.19,32.2,824.6,-9999.0,-9999.0,-9999.0,-9999.0,-9999.0,-9999.0,-9999.0,0.0,0,1,"time.struct_time(tm_year=2022, tm_mon=6, tm_mday=16, tm_hour=16, tm_min=40, tm_sec=5, tm_wday=3, tm_yday=167, tm_isdst=-1)",2022-06-16,2022,6,167,16,40
2022-06-16 16:42:35,40.765522,-111.908829,1237.7,-9999.0,-9999.0,-9999.0,13.67,23.75,24.07,21.54,4.0,2.0,23.78,24.0,872.3,0.0,13.4,2.2,32.7,824.0,-9999.0,-9999.0,-9999.0,-9999.0,-9999.0,-9999.0,-9999.0,0.0,0,1,"time.struct_time(tm_year=2022, tm_mon=6, tm_mday=16, tm_hour=16, tm_min=42, tm_sec=35, tm_wday=3, tm_yday=167, tm_isdst=-1)",2022-06-16,2022,6,167,16,42
2022-06-16 16:45:05,40.765652,-111.908745,1272.6,-9999.0,-9999.0,-9999.0,13.66,23.93,24.15,22.12,4.0,2.0,23.89,25.0,872.4,0.0,12.3,2.22,33.2,824.7,-9999.0,-9999.0,-9999.0,-9999.0,-9999.0,-9999.0,-9999.0,0.0,0,1,"time.struct_time(tm_year=2022, tm_mon=6, tm_mday=16, tm_hour=16, tm_min=45, tm_sec=5, tm_wday=3, tm_yday=167, tm_isdst=-1)",2022-06-16,2022,6,167,16,45
2022-06-16 16:47:35,40.76564,-111.908745,1281.5,-9999.0,-9999.0,-9999.0,13.66,24.1,24.2,22.32,4.0,2.0,24.11,25.0,872.4,0.0,12.2,2.21,33.6,823.8,-9999.0,-9999.0,-9999.0,-9999.0,-9999.0,-9999.0,-9999.0,0.0,0,1,"time.struct_time(tm_year=2022, tm_mon=6, tm_mday=16, tm_hour=16, tm_min=47, tm_sec=35, tm_wday=3, tm_yday=167, tm_isdst=-1)",2022-06-16,2022,6,167,16,47
2022-06-16 16:50:05,40.765766,-111.909508,1283.7,-9999.0,-9999.0,-9999.0,13.66,24.27,24.23,22.1,4.0,2.0,24.22,25.0,872.3,0.0,7.9,2.21,34.0,824.5,-9999.0,-9999.0,-9999.0,-9999.0,-9999.0,-9999.0,-9999.0,0.0,0,1,"time.struct_time(tm_year=2022, tm_mon=6, tm_mday=16, tm_hour=16, tm_min=50, tm_sec=5, tm_wday=3, tm_yday=167, tm_isdst=-1)",2022-06-16,2022,6,167,16,50
2022-06-16 16:52:35,40.765842,-111.908836,1285.8,-9999.0,-9999.0,-9999.0,13.67,24.43,24.29,22.08,3.0,2.0,24.28,24.0,872.3,0.0,11.9,2.2,34.4,823.9,-9999.0,-9999.0,-9999.0,-9999.0,-9999.0,-9999.0,-9999.0,0.0,0,1,"time.struct_time(tm_year=2022, tm_mon=6, tm_mday=16, tm_hour=16, tm_min=52, tm_sec=35, tm_wday=3, tm_yday=167, tm_isdst=-1)",2022-06-16,2022,6,167,16,52
2022-06-16 16:55:05,40.765686,-111.908768,1285.6,-9999.0,-9999.0,-9999.0,13.67,24.59,24.4,22.61,4.0,2.0,24.5,25.0,872.2,0.0,9.8,2.21,34.7,824.4,-9999.0,-9999.0,-9999.0,-9999.0,-9999.0,-9999.0,-9999.0,0.0,0,1,"time.struct_time(tm_year=2022, tm_mon=6, tm_mday=16, tm_hour=16, tm_min=55, tm_sec=5, tm_wday=3, tm_yday=167, tm_isdst=-1)",2022-06-16,2022,6,167,16,55
2022-06-16 16:57:35,40.765797,-111.908997,1286.2,-9999.0,-9999.0,-9999.0,13.67,24.75,24.44,23.77,4.0,2.0,24.61,25.0,872.4,0.0,9.7,2.21,35.1,823.8,-9999.0,-9999.0,-9999.0,-9999.0,-9999.0,-9999.0,-9999.0,0.0,0,1,"time.struct_time(tm_year=2022, tm_mon=6, tm_mday=16, tm_hour=16, tm_min=57, tm_sec=35, tm_wday=3, tm_yday=167, tm_isdst=-1)",2022-06-16,2022,6,167,16,57
2022-06-16 17:00:05,40.765816,-111.908981,1289.2,-9999.0,-9999.0,-9999.0,13.67,24.91,24.48,23.23,3.0,2.0,24.72,25.0,872.3,0.0,13.8,2.22,35.4,824.5,-9999.0,-9999.0,-9999.0,-9999.0,-9999.0,-9999.0,-9999.0,0.0,0,1,"time.struct_time(tm_year=2022, tm_mon=6, tm_mday=16, tm_hour=17, tm_min=0, tm_sec=5, tm_wday=3, tm_yday=167, tm_isdst=-1)",2022-06-16,2022,6,167,16,0
2022-06-16 17:02:35,40.765617,-111.908546,1288.0,-9999.0,-9999.0,-9999.0,13.67,25.06,24.53,23.45,3.0,2.0,24.78,24.0,872.3,0.0,13.8,2.22,35.7,823.7,-9999.0,-9999.0,-9999.0,-9999.0,-9999.0,-9999.0,-9999.0,0.0,0,1,"time.struct_time(tm_year=2022, tm_mon=6, tm_mday=16, tm_hour=17, tm_min=2, tm_sec=35, tm_wday=3, tm_yday=167, tm_isdst=-1)",2022-06-16,2022,6,167,16,2
2022-06-16 17:05:05,40.76569,-111.908836,1286.8,-9999.0,-9999.0,-9999.0,13.67,25.2,24.62,22.93,4.0,2.0,24.89,24.0,872.2,0.0,13.8,2.22,35.9,824.4,-9999.0,-9999.0,-9999.0,-9999.0,-9999.0,-9999.0,-9999.0,0.0,0,1,"time.struct_time(tm_year=2022, tm_mon=6, tm_mday=16, tm_hour=17, tm_min=5, tm_sec=5, tm_wday=3, tm_yday=167, tm_isdst=-1)",2022-06-16,2022,6,167,16,5
2022-06-16 17:07:35,40.765682,-111.909058,1289.7,-9999.0,-9999.0,-9999.0,13.67,25.35,24.7,22.6,5.0,2.0,25.11,24.0,872.1,0.0,15.9,2.23,36.2,823.8,-9999.0,-9999.0,-9999.0,-9999.0,-9999.0,-9999.0,-9999.0,0.0,0,1,"time.struct_time(tm_year=2022, tm_mon=6, tm_mday=16, tm_hour=17, tm_min=7, tm_sec=35, tm_wday=3, tm_yday=167, tm_isdst=-1)",2022-06-16,2022,6,167,16,7
2022-06-16 17:10:05,40.76553,-111.908287,1293.6,-9999.0,-9999.0,-9999.0,13.66,25.49,24.73,21.3,4.0,2.0,25.22,24.0,872.1,0.0,13.6,2.22,36.4,824.5,-9999.0,-9999.0,-9999.0,-9999.0,-9999.0,-9999.0,-9999.0,0.0,0,1,"time.struct_time(tm_year=2022, tm_mon=6, tm_mday=16, tm_hour=17, tm_min=10, tm_sec=5, tm_wday=3, tm_yday=167, tm_isdst=-1)",2022-06-16,2022,6,167,16,10
2022-06-16 17:12:35,40.765717,-111.908867,1294.3,-9999.0,-9999.0,-9999.0,13.67,25.62,24.79,22.25,3.0,2.0,25.28,24.0,872.2,0.0,11.7,2.23,36.7,823.7,-9999.0,-9999.0,-9999.0,-9999.0,-9999.0,-9999.0,-9999.0,0.0,0,1,"time.struct_time(tm_year=2022, tm_mon=6, tm_mday=16, tm_hour=17, tm_min=12, tm_sec=35, tm_wday=3, tm_yday=167, tm_isdst=-1)",2022-06-16,2022,6,167,16,12
2022-06-20 17:08:35,40.765629,-111.908684,1289.5,-9999.0,-9999.0,-9999.0,13.7,23.24,23.28,28.98,2.0,2.0,23.22,29.0,880.4,0.0,6.2,2.15,27.0,832.3,-9999.0,-9999.0,-9999.0,-9999.0,-9999.0,-9999.0,-9999.0,0.0,0,1,"time.struct_time(tm_year=2022, tm_mon=6, tm_mday=20, tm_hour=17, tm_min=8, tm_sec=35, tm_wday=0, tm_yday=171, tm_isdst=-1)",2022-06-20,2022,6,171,20,8
2022-06-20 17:11:05,40.765678,-111.908783,1288.3,-9999.0,-9999.0,-9999.0,13.67,23.31,23.33,28.05,1.0,2.0,23.28,28.0,880.1,0.0,11.0,2.14,28.1,831.7,-9999.0,-9999.0,-9999.0,-9999.0,-9999.0,-9999.0,-9999.0,0.0,0,1,"time.struct_time(tm_year=2022, tm_mon=6, tm_mday=20, tm_hour=17, tm_min=11, tm_sec=5, tm_wday=0, tm_yday=171, tm_isdst=-1)",2022-06-20,2022,6,171,20,11
2022-06-20 17:13:35,40.765781,-111.908875,1290.4,-9999.0,-9999.0,-9999.0,13.66,23.4,23.35,27.15,1.0,2.0,23.39,28.0,880.5,0.0,15.6,2.15,29.1,832.2,-9999.0,-9999.0,-9999.0,-9999.0,-9999.0,-9999.0,-9999.0,0.0,0,1,"time.struct_time(tm_year=2022, tm_mon=6, tm_mday=20, tm_hour=17, tm_min=13, tm_sec=35, tm_wday=0, tm_yday=171, tm_isdst=-1)",2022-06-20,2022,6,171,20,13
2022-06-20 17:16:05,40.765579,-111.908813,1297.3,-9999.0,-9999.0,-9999.0,13.15,23.51,23.36,26.9,1.0,2.0,23.5,27.0,880.1,0.0,18.0,2.16,29.9,831.6,-9999.0,-9999.0,-9999.0,-9999.0,-9999.0,-9999.0,-9999.0,0.0,0,1,"time.struct_time(tm_year=2022, tm_mon=6, tm_mday=20, tm_hour=17, tm_min=16, tm_sec=5, tm_wday=0, tm_yday=171, tm_isdst=-1)",2022-06-20,2022,6,171,20,16
2022-06-20 17:18:35,40.765839,-111.908722,1306.0,-9999.0,-9999.0,-9999.0,13.67,23.64,23.36,26.86,1.0,2.0,23.61,27.0,880.4,0.0,15.8,2.17,30.6,832.2,-9999.0,-9999.0,-9999.0,-9999.0,-9999.0,-9999.0,-9999.0,0.0,0,1,"time.struct_time(tm_year=2022, tm_mon=6, tm_mday=20, tm_hour=17, tm_min=18, tm_sec=35, tm_wday=0, tm_yday=171, tm_isdst=-1)",2022-06-20,2022,6,171,20,18
2022-06-20 17:21:05,40.765709,-111.908676,1305.8,-9999.0,-9999.0,-9999.0,13.67,23.77,23.36,26.58,1.0,2.0,23.72,27.0,880.2,0.0,16.3,2.16,31.3,831.6,-9999.0,-9999.0,-9999.0,-9999.0,-9999.0,-9999.0,-9999.0,0.0,0,1,"time.struct_time(tm_year=2022, tm_mon=6, tm_mday=20, tm_hour=17, tm_min=21, tm_sec=5, tm_wday=0, tm_yday=171, tm_isdst=-1)",2022-06-20,2022,6,171,20,21
2022-06-20 17:23:35,40.765728,-111.908882,1303.6,-9999.0,-9999.0,-9999.0,13.66,23.91,23.37,26.18,1.0,2.0,23.78,27.0,880.2,0.0,15.5,2.18,31.9,832.3,-9999.0,-9999.0,-9999.0,-9999.0,-9999.0,-9999.0,-9999.0,0.0,0,1,"time.struct_time(tm_year=2022, tm_mon=6, tm_mday=20, tm_hour=17, tm_min=23, tm_sec=35, tm_wday=0, tm_yday=171, tm_isdst=-1)",2022-06-20,2022,6,171,20,23
2022-06-20 17:26:05,40.765602,-111.908913,1299.8,-9999.0,-9999.0,-9999.0,13.67,24.05,23.37,26.42,0.0,2.0,23.89,26.0,880.2,0.0,15.9,2.18,32.5,831.7,-9999.0,-9999.0,-9999.0,-9999.0,-9999.0,-9999.0,-9999.0,0.0,0,1,"time.struct_time(tm_year=2022, tm_mon=6, tm_mday=20, tm_hour=17, tm_min=26, tm_sec=5, tm_wday=0, tm_yday=171, tm_isdst=-1)",2022-06-20,2022,6,171,20,26
2022-06-20 17:28:35,40.765469,-111.908699,1299.5,-9999.0,-9999.0,-9999.0,13.66,24.19,23.36,26.94,1.0,2.0,24.0,26.0,880.3,0.0,18.2,2.18,33.0,832.2,-9999.0,-9999.0,-9999.0,-9999.0,-9999.0,-9999.0,-9999.0,0.0,0,1,"time.struct_time(tm_year=2022, tm_mon=6, tm_mday=20, tm_hour=17, tm_min=28, tm_sec=35, tm_wday=0, tm_yday=171, tm_isdst=-1)",2022-06-20,2022,6,171,20,28
2022-06-20 17:31:05,40.765194,-111.908752,1294.3,-9999.0,-9999.0,-9999.0,13.66,24.34,23.37,26.97,1.0,2.0,24.11,26.0,880.2,0.0,18.9,2.2,33.4,831.6,-9999.0,-9999.0,-9999.0,-9999.0,-9999.0,-9999.0,-9999.0,0.0,0,1,"time.struct_time(tm_year=2022, tm_mon=6, tm_mday=20, tm_hour=17, tm_min=31, tm_sec=5, tm_wday=0, tm_yday=171, tm_isdst=-1)",2022-06-20,2022,6,171,20,31
2022-06-20 17:33:35,40.765362,-111.908859,1280.8,-9999.0,-9999.0,-9999.0,13.67,24.48,23.34,26.63,1.0,2.0,24.22,26.0,880.4,0.0,19.2,2.21,33.8,832.2,-9999.0,-9999.0,-9999.0,-9999.0,-9999.0,-9999.0,-9999.0,0.0,0,1,"time.struct_time(tm_year=2022, tm_mon=6, tm_mday=20, tm_hour=17, tm_min=33, tm_sec=35, tm_wday=0, tm_yday=171, tm_isdst=-1)",2022-06-20,2022,6,171,20,33
2022-06-20 17:36:05,40.765553,-111.908928,1288.1,-9999.0,-9999.0,-9999.0,13.67,24.62,23.32,26.74,1.0,2.0,24.28,26.0,880.3,0.0,21.8,2.2,34.2,831.7,-9999.0,-9999.0,-9999.0,-9999.0,-9999.0,-9999.0,-9999.0,0.0,0,1,"time.struct_time(tm_year=2022, tm_mon=6, tm_mday=20, tm_hour=17, tm_min=36, tm_sec=5, tm_wday=0, tm_yday=171, tm_isdst=-1)",2022-06-20,2022,6,171,20,36
2022-06-20 17:38:35,40.765686,-111.908981,1287.8,-9999.0,-9999.0,-9999.0,13.67,24.75,23.32,27.44,1.0,2.0,24.39,25.0,880.3,0.0,18.1,2.2,34.6,832.4,-9999.0,-9999.0,-9999.0,-9999.0,-9999.0,-9999.0,-9999.0,0.0,0,1,"time.struct_time(tm_year=2022, tm_mon=6, tm_mday=20, tm_hour=17, tm_min=38, tm_sec=35, tm_wday=0, tm_yday=171, tm_isdst=-1)",2022-06-20,2022,6,171,20,38
2022-06-20 17:41:05,40.765533,-111.908806,1284.4,-9999.0,-9999.0,-9999.0,13.66,24.88,23.33,27.09,1.0,2.0,24.5,25.0,880.3,0.0,17.6,2.2,34.9,831.8,-9999.0,-9999.0,-9999.0,-9999.0,-9999.0,-9999.0,-9999.0,0.0,0,1,"time.struct_time(tm_year=2022, tm_mon=6, tm_mday=20, tm_hour=17, tm_min=41, tm_sec=5, tm_wday=0, tm_yday=171, tm_isdst=-1)",2022-06-20,2022,6,171,20,41
2022-06-20 17:43:35,40.765621,-111.908699,1283.1,-9999.0,-9999.0,-9999.0,13.67,25.01,23.32,26.52,1.0,2.0,24.61,25.0,880.4,0.0,19.0,2.2,35.2,832.4,-9999.0,-9999.0,-9999.0,-9999.0,-9999.0,-9999.0,-9999.0,0.0,0,1,"time.struct_time(tm_year=2022, tm_mon=6, tm_mday=20, tm_hour=17, tm_min=43, tm_sec=35, tm_wday=0, tm_yday=171, tm_isdst=-1)",2022-06-20,2022,6,171,20,43
2022-06-20 17:46:05,40.765694,-111.908836,1282.8,-9999.0,-9999.0,-9999.0,13.66,25.13,23.32,26.28,0.0,2.0,24.72,25.0,880.4,0.0,16.7,2.2,35.5,831.8,-9999.0,-9999.0,-9999.0,-9999.0,-9999.0,-9999.0,-9999.0,0.0,0,1,"time.struct_time(tm_year=2022, tm_mon=6, tm_mday=20, tm_hour=17, tm_min=46, tm_sec=5, tm_wday=0, tm_yday=171, tm_isdst=-1)",2022-06-20,2022,6,171,20,46
2022-06-20 17:48:35,40.765759,-111.909103,1283.4,-9999.0,-9999.0,-9999.0,13.66,25.25,23.31,26.31,1.0,2.0,24.78,24.0,880.2,0.0,15.4,2.21,35.8,832.5,-9999.0,-9999.0,-9999.0,-9999.0,-9999.0,-9999.0,-9999.0,0.0,0,1,"time.struct_time(tm_year=2022, tm_mon=6, tm_mday=20, tm_hour=17, tm_min=48, tm_sec=35, tm_wday=0, tm_yday=171, tm_isdst=-1)",2022-06-20,2022,6,171,20,48
2022-06-20 17:51:05,40.765728,-111.908913,1284.7,-9999.0,-9999.0,-9999.0,13.67,25.36,23.28,26.46,1.0,2.0,24.78,24.0,880.3,0.0,17.1,2.21,36.1,831.8,-9999.0,-9999.0,-9999.0,-9999.0,-9999.0,-9999.0,-9999.0,0.0,0,1,"time.struct_time(tm_year=2022, tm_mon=6, tm_mday=20, tm_hour=17, tm_min=51, tm_sec=5, tm_wday=0, tm_yday=171, tm_isdst=-1)",2022-06-20,2022,6,171,20,51
2022-06-20 17:53:35,40.765713,-111.908798,1285.2,-9999.0,-9999.0,-9999.0,13.66,25.47,23.28,26.58,1.0,2.0,24.89,24.0,880.4,0.0,17.9,2.21,36.3,832.4,-9999.0,-9999.0,-9999.0,-9999.0,-9999.0,-9999.0,-9999.0,0.0,0,1,"time.struct_time(tm_year=2022, tm_mon=6, tm_mday=20, tm_hour=17, tm_min=53, tm_sec=35, tm_wday=0, tm_yday=171, tm_isdst=-1)",2022-06-20,2022,6,171,20,53
2022-06-20 17:56:05,40.765705,-111.908897,1287.0,-9999.0,-9999.0,-9999.0,13.66,25.58,23.3,26.34,0.0,2.0,25.0,24.0,880.4,0.0,16.5,2.21,36.5,831.8,-9999.0,-9999.0,-9999.0,-9999.0,-9999.0,-9999.0,-9999.0,0.0,0,1,"time.struct_time(tm_year=2022, tm_mon=6, tm_mday=20, tm_hour=17, tm_min=56, tm_sec=5, tm_wday=0, tm_yday=171, tm_isdst=-1)",2022-06-20,2022,6,171,20,56
2022-06-20 17:58:35,40.765678,-111.908684,1289.5,-9999.0,-9999.0,-9999.0,13.67,25.68,23.34,26.73,2.0,2.0,25.11,24.0,880.1,0.0,17.5,2.22,36.7,832.3,-9999.0,-9999.0,-9999.0,-9999.0,-9999.0,-9999.0,-9999.0,0.0,0,1,"time.struct_time(tm_year=2022, tm_mon=6, tm_mday=20, tm_hour=17, tm_min=58, tm_sec=35, tm_wday=0, tm_yday=171, tm_isdst=-1)",2022-06-20,2022,6,171,20,58
2022-06-20 18:01:05,40.765804,-111.908997,1289.2,-9999.0,-9999.0,-9999.0,13.66,25.78,23.38,27.12,2.0,2.0,25.11,24.0,880.3,0.0,17.2,2.22,36.9,831.8,-9999.0,-9999.0,-9999.0,-9999.0,-9999.0,-9999.0,-9999.0,0.0,0,1,"time.struct_time(tm_year=2022, tm_mon=6, tm_mday=20, tm_hour=18, tm_min=1, tm_sec=5, tm_wday=0, tm_yday=171, tm_isdst=-1)",2022-06-20,2022,6,171,20,1
2022-06-20 18:04:45,40.765705,-111.908905,1290.2,-9999.0,-9999.0,-9999.0,13.67,25.92,23.32,26.39,2.0,2.0,25.22,24.0,880.2,0.0,19.2,2.22,37.2,831.7,-9999.0,-9999.0,-9999.0,-9999.0,-9999.0,-9999.0,-9999.0,0.0,0,1,"time.struct_time(tm_year=2022, tm_mon=6, tm_mday=20, tm_hour=18, tm_min=4, tm_sec=45, tm_wday=0, tm_yday=171, tm_isdst=-1)",2022-06-20,2022,6,171,20,4
2022-06-20 18:07:15,40.765736,-111.908607,1291.0,-9999.0,-9999.0,-9999.0,13.67,26.01,23.34,26.32,1.0,2.0,25.28,23.0,880.4,0.0,17.7,2.21,37.4,832.5,-9999.0,-9999.0,-9999.0,-9999.0,-9999.0,-9999.0,-9999.0,0.0,0,1,"time.struct_time(tm_year=2022, tm_mon=6, tm_mday=20, tm_hour=18, tm_min=7, tm_sec=15, tm_wday=0, tm_yday=171, tm_isdst=-1)",2022-06-20,2022,6,171,20,7
2022-06-20 18:09:45,40.765743,-111.908844,1291.2,-9999.0,-9999.0,-9999.0,13.66,26.09,23.34,26.38,1.0,2.0,25.28,23.0,880.2,0.0,16.7,2.22,37.6,831.8,-9999.0,-9999.0,-9999.0,-9999.0,-9999.0,-9999.0,-9999.0,0.0,0,1,"time.struct_time(tm_year=2022, tm_mon=6, tm_mday=20, tm_hour=18, tm_min=9, tm_sec=45, tm_wday=0, tm_yday=171, tm_isdst=-1)",2022-06-20,2022,6,171,20,9
2022-06-20 18:12:15,40.765793,-111.908737,1291.6,-9999.0,-9999.0,-9999.0,13.67,26.18,23.34,26.48,1.0,2.0,25.28,23.0,880.2,0.0,17.4,2.22,37.7,832.4,-9999.0,-9999.0,-9999.0,-9999.0,-9999.0,-9999.0,-9999.0,0.0,0,1,"time.struct_time(tm_year=2022, tm_mon=6, tm_mday=20, tm_hour=18, tm_min=12, tm_sec=15, tm_wday=0, tm_yday=171, tm_isdst=-1)",2022-06-20,2022,6,171,20,12
2022-06-20 18:14:45,40.765713,-111.908722,1292.9,-9999.0,-9999.0,-9999.0,13.67,26.26,23.36,26.46,1.0,2.0,25.39,23.0,880.3,0.0,15.7,2.22,37.9,831.8,-9999.0,-9999.0,-9999.0,-9999.0,-9999.0,-9999.0,-9999.0,0.0,0,1,"time.struct_time(tm_year=2022, tm_mon=6, tm_mday=20, tm_hour=18, tm_min=14, tm_sec=45, tm_wday=0, tm_yday=171, tm_isdst=-1)",2022-06-20,2022,6,171,20,14
2022-06-20 18:17:15,40.765686,-111.908752,1293.3,-9999.0,-9999.0,-9999.0,13.67,26.33,23.39,25.97,2.0,2.0,25.5,23.0,880.2,0.0,16.2,2.22,38.0,832.4,-9999.0,-9999.0,-9999.0,-9999.0,-9999.0,-9999.0,-9999.0,0.0,0,1,"time.struct_time(tm_year=2022, tm_mon=6, tm_mday=20, tm_hour=18, tm_min=17, tm_sec=15, tm_wday=0, tm_yday=171, tm_isdst=-1)",2022-06-20,2022,6,171,20,17
2022-06-20 18:19:45,40.765705,-111.90876,1293.2,-9999.0,-9999.0,-9999.0,13.66,26.41,23.39,25.76,1.0,2.0,25.5,23.0,880.2,0.0,19.3,2.21,38.2,831.8,-9999.0,-9999.0,-9999.0,-9999.0,-9999.0,-9999.0,-9999.0,0.0,0,1,"time.struct_time(tm_year=2022, tm_mon=6, tm_mday=20, tm_hour=18, tm_min=19, tm_sec=45, tm_wday=0, tm_yday=171, tm_isdst=-1)",2022-06-20,2022,6,171,20,19
2022-06-20 18:22:15,40.76561,-111.908928,1293.5,-9999.0,-9999.0,-9999.0,13.63,26.48,23.38,25.72,1.0,2.0,25.61,22.0,880.3,0.0,17.5,2.22,38.3,832.4,-9999.0,-9999.0,-9999.0,-9999.0,-9999.0,-9999.0,-9999.0,0.0,0,1,"time.struct_time(tm_year=2022, tm_mon=6, tm_mday=20, tm_hour=18, tm_min=22, tm_sec=15, tm_wday=0, tm_yday=171, tm_isdst=-1)",2022-06-20,2022,6,171,20,22
2022-06-20 18:24:45,40.765705,-111.908951,1293.9,-9999.0,-9999.0,-9999.0,13.63,26.54,23.4,25.13,1.0,2.0,25.61,22.0,880.2,0.0,17.6,2.22,38.4,831.8,-9999.0,-9999.0,-9999.0,-9999.0,-9999.0,-9999.0,-9999.0,0.0,0,1,"time.struct_time(tm_year=2022, tm_mon=6, tm_mday=20, tm_hour=18, tm_min=24, tm_sec=45, tm_wday=0, tm_yday=171, tm_isdst=-1)",2022-06-20,2022,6,171,20,24
2022-06-20 18:27:15,40.765629,-111.908859,1295.7,-9999.0,-9999.0,-9999.0,13.63,26.61,23.4,24.79,1.0,2.0,25.72,22.0,880.3,0.0,18.3,2.23,38.5,832.6,-9999.0,-9999.0,-9999.0,-9999.0,-9999.0,-9999.0,-9999.0,0.0,0,1,"time.struct_time(tm_year=2022, tm_mon=6, tm_mday=20, tm_hour=18, tm_min=27, tm_sec=15, tm_wday=0, tm_yday=171, tm_isdst=-1)",2022-06-20,2022,6,171,20,27
2022-06-20 18:30:50,40.765705,-111.908623,1293.9,-9999.0,-9999.0,-9999.0,13.63,26.7,23.38,24.03,1.0,2.0,25.78,21.0,880.5,0.0,18.8,2.22,38.7,832.4,-9999.0,-9999.0,-9999.0,-9999.0,-9999.0,-9999.0,-9999.0,0.0,0,1,"time.struct_time(tm_year=2022, tm_mon=6, tm_mday=20, tm_hour=18, tm_min=30, tm_sec=50, tm_wday=0, tm_yday=171, tm_isdst=-1)",2022-06-20,2022,6,171,20,30
2022-06-20 18:33:20,40.765572,-111.908386,1302.4,-9999.0,-9999.0,-9999.0,13.63,26.76,23.4,23.93,0.0,2.0,25.78,21.0,880.2,0.0,21.5,2.23,38.8,831.9,-9999.0,-9999.0,-9999.0,-9999.0,-9999.0,-9999.0,-9999.0,0.0,0,1,"time.struct_time(tm_year=2022, tm_mon=6, tm_mday=20, tm_hour=18, tm_min=33, tm_sec=20, tm_wday=0, tm_yday=171, tm_isdst=-1)",2022-06-20,2022,6,171,20,33
2022-06-20 18:35:50,40.765572,-111.908417,1303.3,-9999.0,-9999.0,-9999.0,13.63,26.81,23.4,23.91,1.0,2.0,25.78,21.0,880.5,0.0,22.3,2.22,38.9,832.5,-9999.0,-9999.0,-9999.0,-9999.0,-9999.0,-9999.0,-9999.0,0.0,0,1,"time.struct_time(tm_year=2022, tm_mon=6, tm_mday=20, tm_hour=18, tm_min=35, tm_sec=50, tm_wday=0, tm_yday=171, tm_isdst=-1)",2022-06-20,2022,6,171,20,35
2022-06-20 18:38:20,40.765606,-111.908325,1306.7,-9999.0,-9999.0,-9999.0,13.63,26.87,23.41,24.03,1.0,2.0,25.89,21.0,880.2,0.0,17.5,2.22,39.0,831.7,-9999.0,-9999.0,-9999.0,-9999.0,-9999.0,-9999.0,-9999.0,0.0,0,1,"time.struct_time(tm_year=2022, tm_mon=6, tm_mday=20, tm_hour=18, tm_min=38, tm_sec=20, tm_wday=0, tm_yday=171, tm_isdst=-1)",2022-06-20,2022,6,171,20,38
2022-06-20 18:40:50,40.765282,-111.909012,1308.4,-9999.0,-9999.0,-9999.0,13.63,26.92,23.4,24.23,1.0,2.0,25.89,20.0,880.3,0.0,19.5,2.23,39.1,832.4,-9999.0,-9999.0,-9999.0,-9999.0,-9999.0,-9999.0,-9999.0,0.0,0,1,"time.struct_time(tm_year=2022, tm_mon=6, tm_mday=20, tm_hour=18, tm_min=40, tm_sec=50, tm_wday=0, tm_yday=171, tm_isdst=-1)",2022-06-20,2022,6,171,20,40
2022-06-20 18:43:20,40.765663,-111.908829,1310.8,-9999.0,-9999.0,-9999.0,13.63,26.98,23.42,24.61,1.0,2.0,26.0,20.0,880.4,0.0,17.2,2.22,39.1,831.7,-9999.0,-9999.0,-9999.0,-9999.0,-9999.0,-9999.0,-9999.0,0.0,0,1,"time.struct_time(tm_year=2022, tm_mon=6, tm_mday=20, tm_hour=18, tm_min=43, tm_sec=20, tm_wday=0, tm_yday=171, tm_isdst=-1)",2022-06-20,2022,6,171,20,43
2022-06-20 18:45:50,40.76553,-111.908859,1310.4,-9999.0,-9999.0,-9999.0,13.62,27.03,23.47,26.02,1.0,2.0,26.0,21.0,880.4,0.0,14.8,2.23,39.2,832.3,-9999.0,-9999.0,-9999.0,-9999.0,-9999.0,-9999.0,-9999.0,0.0,0,1,"time.struct_time(tm_year=2022, tm_mon=6, tm_mday=20, tm_hour=18, tm_min=45, tm_sec=50, tm_wday=0, tm_yday=171, tm_isdst=-1)",2022-06-20,2022,6,171,20,45
2022-06-20 18:48:20,40.765572,-111.908714,1311.3,-9999.0,-9999.0,-9999.0,13.63,27.08,23.49,25.48,2.0,2.0,26.11,21.0,880.1,0.0,17.3,2.23,39.3,831.7,-9999.0,-9999.0,-9999.0,-9999.0,-9999.0,-9999.0,-9999.0,0.0,0,1,"time.struct_time(tm_year=2022, tm_mon=6, tm_mday=20, tm_hour=18, tm_min=48, tm_sec=20, tm_wday=0, tm_yday=171, tm_isdst=-1)",2022-06-20,2022,6,171,20,48
2022-06-20 18:50:50,40.76569,-111.908669,1311.4,-9999.0,-9999.0,-9999.0,13.63,27.14,23.5,26.34,1.0,2.0,26.11,21.0,880.1,0.0,18.3,2.23,39.4,832.4,-9999.0,-9999.0,-9999.0,-9999.0,-9999.0,-9999.0,-9999.0,0.0,0,1,"time.struct_time(tm_year=2022, tm_mon=6, tm_mday=20, tm_hour=18, tm_min=50, tm_sec=50, tm_wday=0, tm_yday=171, tm_isdst=-1)",2022-06-20,2022,6,171,20,50
2022-06-20 18:53:20,40.765694,-111.908516,1310.7,-9999.0,-9999.0,-9999.0,13.63,27.18,23.54,25.66,1.0,2.0,26.11,21.0,880.1,0.0,18.9,2.23,39.5,831.7,-9999.0,-9999.0,-9999.0,-9999.0,-9999.0,-9999.0,-9999.0,0.0,0,1,"time.struct_time(tm_year=2022, tm_mon=6, tm_mday=20, tm_hour=18, tm_min=53, tm_sec=20, tm_wday=0, tm_yday=171, tm_isdst=-1)",2022-06-20,2022,6,171,20,53
2022-06-20 18:55:50,40.765675,-111.908638,1313.1,-9999.0,-9999.0,-9999.0,13.63,27.23,23.56,24.86,1.0,2.0,26.22,21.0,880.2,0.0,14.4,2.23,39.5,832.3,-9999.0,-9999.0,-9999.0,-9999.0,-9999.0,-9999.0,-9999.0,0.0,0,1,"time.struct_time(tm_year=2022, tm_mon=6, tm_mday=20, tm_hour=18, tm_min=55, tm_sec=50, tm_wday=0, tm_yday=171, tm_isdst=-1)",2022-06-20,2022,6,171,20,55
2022-06-20 18:58:20,40.765675,-111.90847,1304.7,-9999.0,-9999.0,-9999.0,13.63,27.28,23.61,24.69,1.0,2.0,26.22,21.0,880.4,0.0,16.7,2.24,39.6,831.7,-9999.0,-9999.0,-9999.0,-9999.0,-9999.0,-9999.0,-9999.0,0.0,0,1,"time.struct_time(tm_year=2022, tm_mon=6, tm_mday=20, tm_hour=18, tm_min=58, tm_sec=20, tm_wday=0, tm_yday=171, tm_isdst=-1)",2022-06-20,2022,6,171,20,58
2022-06-20 19:00:50,40.765694,-111.908485,1304.5,-9999.0,-9999.0,-9999.0,13.63,27.33,23.6,24.24,1.0,2.0,26.22,20.0,880.1,0.0,17.3,2.23,39.7,832.3,-9999.0,-9999.0,-9999.0,-9999.0,-9999.0,-9999.0,-9999.0,0.0,0,1,"time.struct_time(tm_year=2022, tm_mon=6, tm_mday=20, tm_hour=19, tm_min=0, tm_sec=50, tm_wday=0, tm_yday=171, tm_isdst=-1)",2022-06-20,2022,6,171,20,0
2022-06-20 19:04:50,40.765682,-111.908569,1309.2,-9999.0,-9999.0,-9999.0,13.63,27.4,23.62,24.13,2.0,2.0,26.28,20.0,880.4,0.0,16.6,2.22,39.6,832.2,-9999.0,-9999.0,-9999.0,-9999.0,-9999.0,-9999.0,-9999.0,0.0,0,1,"time.struct_time(tm_year=2022, tm_mon=6, tm_mday=20, tm_hour=19, tm_min=4, tm_sec=50, tm_wday=0, tm_yday=171, tm_isdst=-1)",2022-06-20,2022,6,171,20,4
2022-06-20 19:08:25,40.765633,-111.908836,1309.1,-9999.0,-9999.0,-9999.0,13.63,27.45,23.65,23.77,1.0,2.0,26.39,20.0,880.2,0.0,14.9,2.22,39.7,831.7,-9999.0,-9999.0,-9999.0,-9999.0,-9999.0,-9999.0,-9999.0,0.0,0,1,"time.struct_time(tm_year=2022, tm_mon=6, tm_mday=20, tm_hour=19, tm_min=8, tm_sec=25, tm_wday=0, tm_yday=171, tm_isdst=-1)",2022-06-20,2022,6,171,20,8
2022-06-20 19:10:55,40.765636,-111.908508,1306.4,-9999.0,-9999.0,-9999.0,13.63,27.49,23.66,23.39,1.0,2.0,26.39,19.0,880.3,0.0,13.3,2.23,39.8,832.4,-9999.0,-9999.0,-9999.0,-9999.0,-9999.0,-9999.0,-9999.0,0.0,0,1,"time.struct_time(tm_year=2022, tm_mon=6, tm_mday=20, tm_hour=19, tm_min=10, tm_sec=55, tm_wday=0, tm_yday=171, tm_isdst=-1)",2022-06-20,2022,6,171,20,10
2022-06-20 19:13:25,40.765656,-111.908562,1301.6,-9999.0,-9999.0,-9999.0,13.63,27.53,23.7,22.5,1.0,2.0,26.39,19.0,880.2,0.0,14.5,2.25,39.9,831.7,-9999.0,-9999.0,-9999.0,-9999.0,-9999.0,-9999.0,-9999.0,0.0,0,1,"time.struct_time(tm_year=2022, tm_mon=6, tm_mday=20, tm_hour=19, tm_min=13, tm_sec=25, tm_wday=0, tm_yday=171, tm_isdst=-1)",2022-06-20,2022,6,171,20,13
2022-06-20 19:15:55,40.765545,-111.90844,1301.7,-9999.0,-9999.0,-9999.0,13.63,27.56,23.7,22.34,1.0,2.0,26.39,19.0,880.3,0.0,17.4,2.23,39.9,832.3,-9999.0,-9999.0,-9999.0,-9999.0,-9999.0,-9999.0,-9999.0,0.0,0,1,"time.struct_time(tm_year=2022, tm_mon=6, tm_mday=20, tm_hour=19, tm_min=15, tm_sec=55, tm_wday=0, tm_yday=171, tm_isdst=-1)",2022-06-20,2022,6,171,20,15
2022-06-20 19:18:25,40.765789,-111.908775,1299.7,-9999.0,-9999.0,-9999.0,13.63,27.6,23.75,22.36,2.0,2.0,26.5,19.0,880.3,0.0,17.9,2.23,40.0,831.7,-9999.0,-9999.0,-9999.0,-9999.0,-9999.0,-9999.0,-9999.0,0.0,0,1,"time.struct_time(tm_year=2022, tm_mon=6, tm_mday=20, tm_hour=19, tm_min=18, tm_sec=25, tm_wday=0, tm_yday=171, tm_isdst=-1)",2022-06-20,2022,6,171,20,18
2022-06-20 19:20:55,40.765732,-111.908836,1293.5,-9999.0,-9999.0,-9999.0,13.63,27.63,23.72,22.33,1.0,2.0,26.5,19.0,880.3,0.0,16.4,2.23,40.0,832.3,-9999.0,-9999.0,-9999.0,-9999.0,-9999.0,-9999.0,-9999.0,0.0,0,1,"time.struct_time(tm_year=2022, tm_mon=6, tm_mday=20, tm_hour=19, tm_min=20, tm_sec=55, tm_wday=0, tm_yday=171, tm_isdst=-1)",2022-06-20,2022,6,171,20,20
2022-06-20 19:23:25,40.765759,-111.908951,1293.0,-9999.0,-9999.0,-9999.0,13.63,27.67,23.71,22.16,1.0,2.0,26.5,19.0,880.2,0.0,13.1,2.23,40.1,831.7,-9999.0,-9999.0,-9999.0,-9999.0,-9999.0,-9999.0,-9999.0,0.0,0,1,"time.struct_time(tm_year=2022, tm_mon=6, tm_mday=20, tm_hour=19, tm_min=23, tm_sec=25, tm_wday=0, tm_yday=171, tm_isdst=-1)",2022-06-20,2022,6,171,20,23
2022-06-20 19:25:55,40.765736,-111.908813,1300.1,-9999.0,-9999.0,-9999.0,13.63,27.7,23.71,22.04,1.0,2.0,26.61,18.0,880.3,0.0,20.3,2.24,40.1,832.4,-9999.0,-9999.0,-9999.0,-9999.0,-9999.0,-9999.0,-9999.0,0.0,0,1,"time.struct_time(tm_year=2022, tm_mon=6, tm_mday=20, tm_hour=19, tm_min=25, tm_sec=55, tm_wday=0, tm_yday=171, tm_isdst=-1)",2022-06-20,2022,6,171,20,25
2022-06-20 19:28:25,40.765854,-111.908722,1305.4,-9999.0,-9999.0,-9999.0,13.63,27.74,23.71,23.75,1.0,2.0,26.61,18.0,880.4,0.0,17.5,2.23,40.2,831.7,-9999.0,-9999.0,-9999.0,-9999.0,-9999.0,-9999.0,-9999.0,0.0,0,1,"time.struct_time(tm_year=2022, tm_mon=6, tm_mday=20, tm_hour=19, tm_min=28, tm_sec=25, tm_wday=0, tm_yday=171, tm_isdst=-1)",2022-06-20,2022,6,171,20,28
2022-06-20 19:30:55,40.765549,-111.908455,1302.2,-9999.0,-9999.0,-9999.0,13.63,27.77,23.69,22.92,1.0,2.0,26.61,18.0,880.3,0.0,18.4,2.24,40.2,832.3,-9999.0,-9999.0,-9999.0,-9999.0,-9999.0,-9999.0,-9999.0,0.0,0,1,"time.struct_time(tm_year=2022, tm_mon=6, tm_mday=20, tm_hour=19, tm_min=30, tm_sec=55, tm_wday=0, tm_yday=171, tm_isdst=-1)",2022-06-20,2022,6,171,20,30
2022-06-20 19:33:25,40.765568,-111.9086,1298.7,-9999.0,-9999.0,-9999.0,13.63,27.8,23.69,23.01,1.0,2.0,26.72,18.0,880.5,0.0,19.7,2.24,40.3,831.7,-9999.0,-9999.0,-9999.0,-9999.0,-9999.0,-9999.0,-9999.0,0.0,0,1,"time.struct_time(tm_year=2022, tm_mon=6, tm_mday=20, tm_hour=19, tm_min=33, tm_sec=25, tm_wday=0, tm_yday=171, tm_isdst=-1)",2022-06-20,2022,6,171,20,33
2022-06-20 19:59:40,40.765717,-111.908775,1282.8,-9999.0,-9999.0,-9999.0,13.63,27.52,23.42,24.95,1.0,2.0,26.39,20.0,880.2,0.0,19.2,2.21,37.3,831.6,-9999.0,-9999.0,-9999.0,-9999.0,-9999.0,-9999.0,-9999.0,0.0,0,1,"time.struct_time(tm_year=2022, tm_mon=6, tm_mday=20, tm_hour=19, tm_min=59, tm_sec=40, tm_wday=0, tm_yday=171, tm_isdst=-1)",2022-06-20,2022,6,171,20,59
2022-06-20 20:02:10,40.765942,-111.909142,1283.1,-9999.0,-9999.0,-9999.0,13.63,27.51,23.48,24.75,2.0,2.0,26.5,20.0,880.1,0.0,19.0,2.2,37.7,832.2,-9999.0,-9999.0,-9999.0,-9999.0,-9999.0,-9999.0,-9999.0,0.0,0,1,"time.struct_time(tm_year=2022, tm_mon=6, tm_mday=20, tm_hour=20, tm_min=2, tm_sec=10, tm_wday=0, tm_yday=171, tm_isdst=-1)",2022-06-20,2022,6,171,20,2
2022-06-20 20:04:40,40.765663,-111.908844,1282.0,-9999.0,-9999.0,-9999.0,13.63,27.52,23.54,25.23,2.0,2.0,26.61,20.0,880.1,0.0,17.0,2.21,38.1,831.6,-9999.0,-9999.0,-9999.0,-9999.0,-9999.0,-9999.0,-9999.0,0.0,0,1,"time.struct_time(tm_year=2022, tm_mon=6, tm_mday=20, tm_hour=20, tm_min=4, tm_sec=40, tm_wday=0, tm_yday=171, tm_isdst=-1)",2022-06-20,2022,6,171,20,4
2022-06-20 20:07:10,40.765732,-111.908813,1283.3,-9999.0,-9999.0,-9999.0,13.63,27.55,23.6,24.25,1.0,2.0,26.72,20.0,880.2,0.0,19.3,2.22,38.4,832.2,-9999.0,-9999.0,-9999.0,-9999.0,-9999.0,-9999.0,-9999.0,0.0,0,1,"time.struct_time(tm_year=2022, tm_mon=6, tm_mday=20, tm_hour=20, tm_min=7, tm_sec=10, tm_wday=0, tm_yday=171, tm_isdst=-1)",2022-06-20,2022,6,171,20,7
2022-06-20 20:09:40,40.765949,-111.909256,1279.9,-9999.0,-9999.0,-9999.0,13.12,27.58,23.67,25.0,2.0,2.0,26.72,19.0,880.2,0.0,17.8,2.23,38.6,831.5,-9999.0,-9999.0,-9999.0,-9999.0,-9999.0,-9999.0,-9999.0,0.0,0,1,"time.struct_time(tm_year=2022, tm_mon=6, tm_mday=20, tm_hour=20, tm_min=9, tm_sec=40, tm_wday=0, tm_yday=171, tm_isdst=-1)",2022-06-20,2022,6,171,20,9
2022-06-20 20:12:10,40.765759,-111.908905,1283.5,-9999.0,-9999.0,-9999.0,13.63,27.63,23.62,24.31,1.0,2.0,26.89,19.0,880.2,0.0,13.4,2.22,38.8,832.2,-9999.0,-9999.0,-9999.0,-9999.0,-9999.0,-9999.0,-9999.0,0.0,0,1,"time.struct_time(tm_year=2022, tm_mon=6, tm_mday=20, tm_hour=20, tm_min=12, tm_sec=10, tm_wday=0, tm_yday=171, tm_isdst=-1)",2022-06-20,2022,6,171,20,12
2022-06-20 20:14:40,40.765633,-111.908623,1296.1,-9999.0,-9999.0,-9999.0,13.63,27.68,23.64,23.67,1.0,2.0,26.89,19.0,880.2,0.0,16.8,2.22,39.0,831.5,-9999.0,-9999.0,-9999.0,-9999.0,-9999.0,-9999.0,-9999.0,0.0,0,1,"time.struct_time(tm_year=2022, tm_mon=6, tm_mday=20, tm_hour=20, tm_min=14, tm_sec=40, tm_wday=0, tm_yday=171, tm_isdst=-1)",2022-06-20,2022,6,171,20,14
2022-06-20 20:23:45,40.765667,-111.908829,1298.7,-9999.0,-9999.0,-9999.0,13.63,27.82,23.62,21.86,1.0,2.0,27.0,19.0,880.4,0.0,18.5,2.2,38.0,831.6,-9999.0,-9999.0,-9999.0,-9999.0,-9999.0,-9999.0,-9999.0,0.0,0,1,"time.struct_time(tm_year=2022, tm_mon=6, tm_mday=20, tm_hour=20, tm_min=23, tm_sec=45, tm_wday=0, tm_yday=171, tm_isdst=-1)",2022-06-20,2022,6,171,20,23
2022-06-20 20:26:15,40.765652,-111.908714,1299.2,-9999.0,-9999.0,-9999.0,13.63,27.82,23.65,20.76,1.0,2.0,27.0,18.0,880.3,0.0,20.0,2.22,38.3,832.1,-9999.0,-9999.0,-9999.0,-9999.0,-9999.0,-9999.0,-9999.0,0.0,0,1,"time.struct_time(tm_year=2022, tm_mon=6, tm_mday=20, tm_hour=20, tm_min=26, tm_sec=15, tm_wday=0, tm_yday=171, tm_isdst=-1)",2022-06-20,2022,6,171,20,26
2022-06-20 20:28:45,40.765736,-111.908775,1297.2,-9999.0,-9999.0,-9999.0,13.63,27.83,23.67,20.77,0.0,2.0,27.0,18.0,880.1,0.0,20.0,2.21,38.6,831.5,-9999.0,-9999.0,-9999.0,-9999.0,-9999.0,-9999.0,-9999.0,0.0,0,1,"time.struct_time(tm_year=2022, tm_mon=6, tm_mday=20, tm_hour=20, tm_min=28, tm_sec=45, tm_wday=0, tm_yday=171, tm_isdst=-1)",2022-06-20,2022,6,171,20,28
2022-06-20 20:31:15,40.76564,-111.908615,1296.5,-9999.0,-9999.0,-9999.0,13.63,27.85,23.67,21.15,1.0,2.0,27.11,18.0,880.1,0.0,21.5,2.23,38.9,832.2,-9999.0,-9999.0,-9999.0,-9999.0,-9999.0,-9999.0,-9999.0,0.0,0,1,"time.struct_time(tm_year=2022, tm_mon=6, tm_mday=20, tm_hour=20, tm_min=31, tm_sec=15, tm_wday=0, tm_yday=171, tm_isdst=-1)",2022-06-20,2022,6,171,20,31
2022-06-20 20:33:45,40.76564,-111.908623,1295.6,-9999.0,-9999.0,-9999.0,13.63,27.87,23.69,20.34,1.0,2.0,27.11,18.0,880.1,0.0,20.7,2.23,39.1,831.5,-9999.0,-9999.0,-9999.0,-9999.0,-9999.0,-9999.0,-9999.0,0.0,0,1,"time.struct_time(tm_year=2022, tm_mon=6, tm_mday=20, tm_hour=20, tm_min=33, tm_sec=45, tm_wday=0, tm_yday=171, tm_isdst=-1)",2022-06-20,2022,6,171,20,33
2022-06-27 17:56:20,40.765671,-111.908607,1342.2,-9999.0,-9999.0,-9999.0,13.67,25.2,25.56,33.02,3.0,2.0,25.22,34.0,879.0,0.0,19.9,2.15,29.3,831.1,-9999.0,-9999.0,-9999.0,-9999.0,-9999.0,-9999.0,-9999.0,0.0,0,1,"time.struct_time(tm_year=2022, tm_mon=6, tm_mday=27, tm_hour=17, tm_min=56, tm_sec=20, tm_wday=0, tm_yday=178, tm_isdst=-1)",2022-06-27,2022,6,178,27,56
2022-06-27 17:58:50,40.765678,-111.908272,1339.4,-9999.0,-9999.0,-9999.0,13.63,25.29,25.69,31.34,4.0,2.0,25.28,33.0,879.1,0.0,23.8,2.17,30.3,830.5,-9999.0,-9999.0,-9999.0,-9999.0,-9999.0,-9999.0,-9999.0,0.0,0,1,"time.struct_time(tm_year=2022, tm_mon=6, tm_mday=27, tm_hour=17, tm_min=58, tm_sec=50, tm_wday=0, tm_yday=178, tm_isdst=-1)",2022-06-27,2022,6,178,27,58
