,Timestamp,Year,Month,Longitude,Latitude,ES642_PM2.5_Concentration,2B_Ozone_Concentration,2B405_NO_Concentration,2B405_NO2_Concentration,2B405_NOX_Concentration,2B405_Cell_O3_Flow_Rate,PM2.5_Concentration
0,2023-09-20T19:18:40,2023,9,-111.910645,40.761013,,37.40,none,None,None,None,-9999.00
1,2023-09-25T15:10:45,2023,9,-111.910553,40.760559,,10.20,none,None,None,None,-9999.00
2,2023-09-25T15:13:20,2023,9,-111.910805,40.760803,,13.20,none,None,None,None,-9999.00
3,2023-09-25T15:15:55,2023,9,-111.910484,40.760502,,13.00,none,None,None,None,-9999.00
4,2023-09-25T15:18:30,2023,9,-111.910347,40.761173,,15.40,none,None,None,None,-9999.00
5,2023-09-25T15:21:05,2023,9,-111.910545,40.761372,,16.50,none,None,None,None,-9999.00
6,2023-09-25T15:23:40,2023,9,-111.91037,40.761143,,19.10,none,None,None,None,-9999.00
7,2023-09-25T15:26:15,2023,9,-111.910591,40.761524,,17.00,none,None,None,None,-9999.00
8,2023-09-25T15:28:50,2023,9,-111.91069,40.761402,,12.90,none,None,None,None,-9999.00
9,2023-09-25T15:31:25,2023,9,-111.910736,40.761402,,18.20,none,None,None,None,-9999.00
10,2023-09-25T15:34:00,2023,9,-111.910591,40.761326,,18.00,none,None,None,None,-9999.00
11,2023-09-25T15:36:35,2023,9,-111.910561,40.761345,,17.20,none,None,None,None,-9999.00
12,2023-09-25T15:39:10,2023,9,-111.910583,40.76141,,21.20,none,None,None,None,-9999.00
13,2023-09-25T15:41:45,2023,9,-111.91066,40.761349,,25.30,none,None,None,None,-9999.00
14,2023-09-25T15:44:20,2023,9,-111.910599,40.761292,,27.90,none,None,None,None,-9999.00
15,2023-09-25T15:46:55,2023,9,-111.910599,40.761509,,25.60,none,None,None,None,-9999.00
16,2023-09-25T15:49:30,2023,9,-111.910583,40.761379,,25.10,none,None,None,None,-9999.00
17,2023-09-25T15:52:05,2023,9,-111.910576,40.761536,,-9999.00,none,None,None,None,-9999.00
18,2023-09-25T17:24:55,2023,9,-111.910812,40.761772,,38.00,none,None,None,None,-9999.00
19,2023-09-25T17:27:30,2023,9,-111.91169,40.761421,,34.10,none,None,None,None,-9999.00
20,2023-09-25T17:30:05,2023,9,-111.913025,40.761528,,37.40,none,None,None,None,-9999.00
21,2023-09-25T17:32:40,2023,9,-111.91333,40.761681,,32.50,none,None,None,None,-9999.00
22,2023-09-25T17:35:15,2023,9,-111.912277,40.761784,,30.10,none,None,None,None,-9999.00
23,2023-09-25T17:39:30,2023,9,-111.910133,40.761135,,26.50,none,None,None,None,-9999.00
24,2023-09-25T17:42:05,2023,9,-111.910797,40.761333,,33.70,none,None,None,None,-9999.00
25,2023-09-25T17:44:40,2023,9,-111.910538,40.761513,,28.20,none,None,None,None,-9999.00
26,2023-09-25T17:47:15,2023,9,-111.910332,40.761448,,28.80,none,None,None,None,-9999.00
27,2023-09-25T17:49:50,2023,9,-111.91037,40.761951,,37.00,none,None,None,None,-9999.00
28,2023-09-25T17:52:25,2023,9,-111.910492,40.761364,,28.90,none,None,None,None,-9999.00
29,2023-09-25T17:55:00,2023,9,-111.91066,40.761372,,32.00,none,None,None,None,-9999.00
30,2023-09-25T17:57:35,2023,9,-111.910645,40.761467,,31.40,none,None,None,None,-9999.00
31,2023-09-25T18:00:10,2023,9,-111.910622,40.761421,,33.30,none,None,None,None,-9999.00
32,2023-09-25T18:02:45,2023,9,-111.910645,40.761612,,35.80,none,None,None,None,-9999.00
33,2023-09-25T18:05:20,2023,9,-111.91066,40.761372,,35.40,none,None,None,None,-9999.00
34,2023-09-25T18:07:55,2023,9,-111.910583,40.761509,,29.70,none,None,None,None,-9999.00
35,2023-09-25T18:10:30,2023,9,-111.910736,40.761482,,34.80,none,None,None,None,-9999.00
36,2023-09-25T18:13:05,2023,9,-111.91037,40.761589,,33.40,none,None,None,None,-9999.00
37,2023-09-25T18:15:40,2023,9,-111.910652,40.761524,,34.40,none,None,None,None,-9999.00
38,2023-09-25T18:18:15,2023,9,-111.910736,40.761456,,38.70,none,None,None,None,-9999.00
39,2023-09-25T18:20:50,2023,9,-111.91066,40.761478,,36.40,none,None,None,None,-9999.00
40,2023-09-25T18:23:25,2023,9,-111.910591,40.761517,,33.40,none,None,None,None,-9999.00
41,2023-09-25T18:26:00,2023,9,-111.910652,40.76141,,34.30,none,None,None,None,-9999.00
42,2023-09-25T18:28:35,2023,9,-111.910606,40.761387,,36.90,none,None,None,None,-9999.00
43,2023-09-25T19:16:30,2023,9,-111.910683,40.761818,,42.70,none,None,None,None,-9999.00
44,2023-09-25T19:19:05,2023,9,-111.910759,40.761669,,46.20,none,None,None,None,-9999.00
45,2023-09-25T19:21:40,2023,9,-111.910477,40.761444,,48.50,none,None,None,None,-9999.00
46,2023-09-25T19:24:15,2023,9,-111.910522,40.761974,,46.00,none,None,None,None,-9999.00
47,2023-09-25T19:26:50,2023,9,-111.910698,40.761372,,45.00,none,None,None,None,-9999.00
48,2023-09-25T19:29:25,2023,9,-111.910629,40.761417,,32.10,none,None,None,None,-9999.00
49,2023-09-25T19:32:00,2023,9,-111.910751,40.761387,,49.00,none,None,None,None,-9999.00
50,2023-09-25T19:34:35,2023,9,-111.910507,40.762043,,50.00,none,None,None,None,-9999.00
51,2023-09-25T19:37:10,2023,9,-111.910675,40.761208,,47.50,none,None,None,None,-9999.00
52,2023-09-25T19:39:45,2023,9,-111.91066,40.761372,,48.90,none,None,None,None,-9999.00
53,2023-09-25T19:42:20,2023,9,-111.910583,40.761311,,47.00,none,None,None,None,-9999.00
54,2023-09-25T19:44:55,2023,9,-111.910522,40.761013,,50.20,none,None,None,None,-9999.00
55,2023-09-25T19:47:30,2023,9,-111.910522,40.761497,,48.40,none,None,None,None,-9999.00
56,2023-09-25T19:50:05,2023,9,-111.910545,40.761749,,48.50,none,None,None,None,-9999.00
57,2023-09-25T19:52:40,2023,9,-111.910492,40.761269,,46.90,none,None,None,None,-9999.00
58,2023-09-25T19:55:15,2023,9,-111.910507,40.761478,,55.10,none,None,None,None,-9999.00
59,2023-09-25T19:57:50,2023,9,-111.910454,40.761353,,49.90,none,None,None,None,-9999.00
60,2023-09-25T20:00:25,2023,9,-111.91037,40.761414,,47.60,none,None,None,None,-9999.00
61,2023-09-25T20:03:00,2023,9,-111.910576,40.761333,,47.50,none,None,None,None,-9999.00
62,2023-09-25T20:05:35,2023,9,-111.910767,40.761314,,52.90,none,None,None,None,-9999.00
63,2023-09-25T20:08:10,2023,9,-111.910744,40.761196,,44.10,none,None,None,None,-9999.00
64,2023-09-25T20:10:45,2023,9,-111.910789,40.761543,,51.60,none,None,None,None,-9999.00
65,2023-09-25T20:13:20,2023,9,-111.910576,40.761429,,-9999.00,none,None,None,None,-9999.00
66,2023-09-25T20:15:55,2023,9,-111.91066,40.761375,,52.10,none,None,None,None,-9999.00
67,2023-09-25T20:18:30,2023,9,-111.910606,40.761318,,50.50,none,None,None,None,-9999.00
68,2023-09-25T20:21:05,2023,9,-111.910614,40.761482,,49.70,none,None,None,None,-9999.00
69,2023-09-25T20:23:40,2023,9,-111.910744,40.761089,,53.20,none,None,None,None,-9999.00
70,2023-09-25T20:26:15,2023,9,-111.910713,40.761368,,55.00,none,None,None,None,-9999.00
71,2023-09-25T20:28:50,2023,9,-111.910675,40.761341,,55.70,none,None,None,None,-9999.00
72,2023-09-25T20:31:25,2023,9,-111.91069,40.761215,,50.10,none,None,None,None,-9999.00
73,2023-09-25T20:34:00,2023,9,-111.910583,40.761333,,51.20,none,None,None,None,-9999.00
74,2023-09-25T20:36:35,2023,9,-111.910591,40.76136,,52.20,none,None,None,None,-9999.00
75,2023-09-25T20:39:10,2023,9,-111.910713,40.761585,,51.70,none,None,None,None,-9999.00
76,2023-09-25T20:41:45,2023,9,-111.910759,40.761395,,48.10,none,None,None,None,-9999.00
77,2023-09-25T21:29:45,2023,9,-111.910706,40.76136,,51.00,none,None,None,None,-9999.00
78,2023-09-25T21:32:20,2023,9,-111.910706,40.761265,,49.90,none,None,None,None,-9999.00
79,2023-09-25T21:34:55,2023,9,-111.910698,40.761375,,50.60,none,None,None,None,-9999.00
80,2023-09-25T21:37:30,2023,9,-111.910591,40.761398,,52.40,none,None,None,None,-9999.00
81,2023-09-25T21:40:05,2023,9,-111.910599,40.761402,,45.30,none,None,None,None,-9999.00
82,2023-09-25T21:42:40,2023,9,-111.910706,40.761318,,52.50,none,None,None,None,-9999.00
83,2023-09-25T21:45:15,2023,9,-111.910713,40.761414,,49.50,none,None,None,None,-9999.00
84,2023-09-25T21:47:50,2023,9,-111.910706,40.76149,,52.60,none,None,None,None,-9999.00
85,2023-09-25T22:35:50,2023,9,-111.910538,40.761189,,49.40,none,None,None,None,-9999.00
86,2023-09-25T22:38:25,2023,9,-111.910858,40.761238,,50.50,none,None,None,None,-9999.00
87,2023-09-25T22:41:00,2023,9,-111.910812,40.761166,,51.90,none,None,None,None,-9999.00
88,2023-09-25T22:43:35,2023,9,-111.91069,40.761177,,50.30,none,None,None,None,-9999.00
89,2023-09-25T22:46:10,2023,9,-111.910767,40.761364,,47.20,none,None,None,None,-9999.00
90,2023-09-25T22:48:45,2023,9,-111.910751,40.761456,,47.30,none,None,None,None,-9999.00
91,2023-09-25T22:51:20,2023,9,-111.910828,40.761372,,50.40,none,None,None,None,-9999.00
92,2023-09-25T22:53:55,2023,9,-111.910645,40.76141,,53.60,none,None,None,None,-9999.00
93,2023-09-25T22:56:30,2023,9,-111.910667,40.761284,,49.30,none,None,None,None,-9999.00
94,2023-09-25T22:59:05,2023,9,-111.910294,40.761368,,50.60,none,None,None,None,-9999.00
95,2023-09-25T23:01:40,2023,9,-111.910446,40.761505,,52.60,none,None,None,None,-9999.00
96,2023-09-25T23:04:15,2023,9,-111.910469,40.76136,,53.00,none,None,None,None,-9999.00
97,2023-09-25T23:06:50,2023,9,-111.910622,40.761253,,52.50,none,None,None,None,-9999.00
98,2023-09-25T23:09:25,2023,9,-111.910316,40.761402,,52.60,none,None,None,None,-9999.00
99,2023-09-25T23:12:00,2023,9,-111.910507,40.761299,,49.80,none,None,None,None,-9999.00
100,2023-09-25T23:14:35,2023,9,-111.910515,40.761261,,51.80,none,None,None,None,-9999.00
101,2023-09-25T23:17:10,2023,9,-111.91053,40.761265,,51.10,none,None,None,None,-9999.00
102,2023-09-25T23:19:45,2023,9,-111.910355,40.761372,,52.90,none,None,None,None,-9999.00
103,2023-09-25T23:22:20,2023,9,-111.910599,40.761368,,51.80,none,None,None,None,-9999.00
104,2023-09-25T23:24:55,2023,9,-111.910568,40.761509,,53.70,none,None,None,None,-9999.00
105,2023-09-25T23:27:30,2023,9,-111.910591,40.761353,,55.00,none,None,None,None,-9999.00
106,2023-09-25T23:30:05,2023,9,-111.910759,40.761402,,52.70,none,None,None,None,-9999.00
107,2023-09-25T23:32:40,2023,9,-111.910599,40.761169,,58.50,none,None,None,None,-9999.00
108,2023-09-25T23:35:15,2023,9,-111.910614,40.76149,,52.40,none,None,None,None,-9999.00
109,2023-09-25T23:37:50,2023,9,-111.910645,40.761292,,54.90,none,None,None,None,-9999.00
110,2023-09-26T00:26:35,2023,9,-111.910728,40.761463,,-9999.00,none,None,None,None,-9999.00
111,2023-09-26T00:29:10,2023,9,-111.911125,40.761215,,44.00,none,None,None,None,-9999.00
112,2023-09-26T00:31:45,2023,9,-111.910667,40.761341,,45.30,none,None,None,None,-9999.00
113,2023-09-26T00:34:20,2023,9,-111.910484,40.761356,,45.20,none,None,None,None,-9999.00
114,2023-09-26T00:36:55,2023,9,-111.91069,40.761391,,49.10,none,None,None,None,-9999.00
115,2023-09-26T00:39:30,2023,9,-111.910576,40.761234,,42.50,none,None,None,None,-9999.00
116,2023-09-26T00:42:05,2023,9,-111.91053,40.761383,,48.10,none,None,None,None,-9999.00
117,2023-09-26T00:44:40,2023,9,-111.910652,40.761421,,48.50,none,None,None,None,-9999.00
118,2023-09-26T00:47:15,2023,9,-111.910675,40.761337,,45.90,none,None,None,None,-9999.00
119,2023-09-26T00:49:50,2023,9,-111.91069,40.761303,,33.00,none,None,None,None,-9999.00
120,2023-09-26T00:52:25,2023,9,-111.910721,40.761417,,51.00,none,None,None,None,-9999.00
121,2023-09-26T00:55:00,2023,9,-111.910484,40.761383,,43.90,none,None,None,None,-9999.00
122,2023-09-26T00:57:35,2023,9,-111.910515,40.761421,,42.40,none,None,None,None,-9999.00
123,2023-09-26T01:00:10,2023,9,-111.910789,40.761326,,40.10,none,None,None,None,-9999.00
124,2023-09-26T01:02:45,2023,9,-111.910606,40.761471,,45.20,none,None,None,None,-9999.00
125,2023-09-26T01:05:20,2023,9,-111.91069,40.761444,,33.10,none,None,None,None,-9999.00
126,2023-09-26T01:07:55,2023,9,-111.910469,40.761429,,41.10,none,None,None,None,-9999.00
127,2023-09-26T01:10:30,2023,9,-111.910706,40.761463,,29.40,none,None,None,None,-9999.00
128,2023-09-26T01:13:05,2023,9,-111.910728,40.761429,,43.90,none,None,None,None,-9999.00
129,2023-09-26T01:15:40,2023,9,-111.910614,40.761425,,44.30,none,None,None,None,-9999.00
130,2023-09-26T01:18:15,2023,9,-111.910461,40.761349,,41.00,none,None,None,None,-9999.00
131,2023-09-26T01:20:50,2023,9,-111.910461,40.761467,,40.10,none,None,None,None,-9999.00
132,2023-09-26T01:23:25,2023,9,-111.910568,40.761421,,39.60,none,None,None,None,-9999.00
133,2023-09-26T01:26:00,2023,9,-111.910873,40.761608,,36.60,none,None,None,None,-9999.00
134,2023-09-26T01:28:35,2023,9,-111.910805,40.761433,,31.30,none,None,None,None,-9999.00
135,2023-09-26T01:31:10,2023,9,-111.910645,40.761436,,35.20,none,None,None,None,-9999.00
136,2023-09-26T01:33:45,2023,9,-111.910675,40.761452,,24.20,none,None,None,None,-9999.00
137,2023-09-26T01:36:20,2023,9,-111.9105,40.761234,,19.90,none,None,None,None,-9999.00
138,2023-09-26T01:38:55,2023,9,-111.910614,40.761375,,21.70,none,None,None,None,-9999.00
139,2023-09-26T01:41:30,2023,9,-111.910561,40.761536,,13.60,none,None,None,None,-9999.00
140,2023-09-26T01:44:05,2023,9,-111.910378,40.761421,,16.50,none,None,None,None,-9999.00
141,2023-09-26T01:46:40,2023,9,-111.91066,40.761742,,21.70,none,None,None,None,-9999.00
142,2023-09-26T01:49:15,2023,9,-111.910561,40.761456,,20.10,none,None,None,None,-9999.00
143,2023-09-26T01:51:50,2023,9,-111.910675,40.761463,,29.40,none,None,None,None,-9999.00
144,2023-09-26T01:54:25,2023,9,-111.910622,40.761448,,28.50,none,None,None,None,-9999.00
145,2023-09-26T01:57:00,2023,9,-111.910515,40.761368,,32.90,none,None,None,None,-9999.00
146,2023-09-26T01:59:35,2023,9,-111.911324,40.761475,,28.20,none,None,None,None,-9999.00
147,2023-09-26T02:02:10,2023,9,-111.911026,40.761581,,27.30,none,None,None,None,-9999.00
148,2023-09-26T02:04:45,2023,9,-111.91066,40.761944,,29.60,none,None,None,None,-9999.00
149,2023-09-26T02:07:20,2023,9,-111.910652,40.761364,,14.20,none,None,None,None,-9999.00
150,2023-09-26T02:09:55,2023,9,-111.910713,40.761391,,22.50,none,None,None,None,-9999.00
151,2023-09-26T02:12:30,2023,9,-111.910614,40.76144,,25.90,none,None,None,None,-9999.00
152,2023-09-26T02:15:05,2023,9,-111.910408,40.761307,,26.40,none,None,None,None,-9999.00
153,2023-09-26T02:17:40,2023,9,-111.910515,40.761326,,23.80,none,None,None,None,-9999.00
154,2023-09-26T02:20:15,2023,9,-111.91066,40.761395,,24.90,none,None,None,None,-9999.00
155,2023-09-26T02:22:50,2023,9,-111.910751,40.76133,,28.70,none,None,None,None,-9999.00
156,2023-09-26T02:25:25,2023,9,-111.91069,40.761349,,25.70,none,None,None,None,-9999.00
157,2023-09-26T02:28:00,2023,9,-111.910652,40.761333,,18.00,none,None,None,None,-9999.00
158,2023-09-26T02:30:35,2023,9,-111.910492,40.761307,,14.40,none,None,None,None,-9999.00
159,2023-09-26T02:33:10,2023,9,-111.910683,40.761333,,23.60,none,None,None,None,-9999.00
160,2023-09-26T02:35:45,2023,9,-111.91053,40.761295,,24.60,none,None,None,None,-9999.00
161,2023-09-26T02:38:20,2023,9,-111.910576,40.761326,,25.10,none,None,None,None,-9999.00
162,2023-09-26T02:40:55,2023,9,-111.910568,40.761345,,11.20,none,None,None,None,-9999.00
163,2023-09-26T02:43:30,2023,9,-111.910736,40.761383,,19.50,none,None,None,None,-9999.00
164,2023-09-26T02:46:05,2023,9,-111.910866,40.761288,,23.80,none,None,None,None,-9999.00
165,2023-09-26T02:48:40,2023,9,-111.910568,40.761341,,24.60,none,None,None,None,-9999.00
166,2023-09-26T02:51:15,2023,9,-111.91066,40.761456,,21.80,none,None,None,None,-9999.00
167,2023-09-26T02:53:50,2023,9,-111.910645,40.761501,,22.10,none,None,None,None,-9999.00
168,2023-09-26T02:56:25,2023,9,-111.910583,40.761456,,19.80,none,None,None,None,-9999.00
169,2023-09-26T02:59:00,2023,9,-111.910576,40.761318,,13.80,none,None,None,None,-9999.00
170,2023-09-26T03:01:35,2023,9,-111.91066,40.761417,,17.90,none,None,None,None,-9999.00
171,2023-09-26T03:04:10,2023,9,-111.910484,40.761436,,14.90,none,None,None,None,-9999.00
172,2023-09-26T03:06:45,2023,9,-111.910576,40.761387,,20.70,none,None,None,None,-9999.00
173,2023-09-26T03:09:20,2023,9,-111.910599,40.761189,,23.60,none,None,None,None,-9999.00
174,2023-09-26T03:11:55,2023,9,-111.910744,40.761372,,13.20,none,None,None,None,-9999.00
175,2023-09-26T03:14:30,2023,9,-111.910698,40.76136,,18.10,none,None,None,None,-9999.00
176,2023-09-26T03:17:05,2023,9,-111.910728,40.76141,,23.20,none,None,None,None,-9999.00
177,2023-09-26T03:19:40,2023,9,-111.910591,40.761497,,29.00,none,None,None,None,-9999.00
178,2023-09-26T03:22:15,2023,9,-111.910751,40.761311,,22.30,none,None,None,None,-9999.00
179,2023-09-26T03:24:50,2023,9,-111.910637,40.761372,,21.60,none,None,None,None,-9999.00
180,2023-09-26T03:27:25,2023,9,-111.910553,40.761349,,21.10,none,None,None,None,-9999.00
181,2023-09-26T03:30:00,2023,9,-111.910667,40.761295,,12.80,none,None,None,None,-9999.00
182,2023-09-26T03:32:35,2023,9,-111.910728,40.761345,,20.70,none,None,None,None,-9999.00
183,2023-09-26T03:35:10,2023,9,-111.910667,40.761436,,19.70,none,None,None,None,-9999.00
184,2023-09-26T03:37:45,2023,9,-111.910744,40.761246,,28.20,none,None,None,None,-9999.00
185,2023-09-26T03:40:20,2023,9,-111.910591,40.761398,,22.40,none,None,None,None,-9999.00
186,2023-09-26T03:42:55,2023,9,-111.910454,40.761379,,22.40,none,None,None,None,-9999.00
187,2023-09-26T03:45:30,2023,9,-111.910675,40.761341,,10.60,none,None,None,None,-9999.00
188,2023-09-26T03:48:05,2023,9,-111.910629,40.761509,,20.50,none,None,None,None,-9999.00
189,2023-09-26T03:50:40,2023,9,-111.910622,40.761513,,21.40,none,None,None,None,-9999.00
190,2023-09-26T03:53:15,2023,9,-111.910637,40.761406,,25.80,none,None,None,None,-9999.00
191,2023-09-26T03:55:50,2023,9,-111.910553,40.761398,,27.10,none,None,None,None,-9999.00
192,2023-09-26T03:58:25,2023,9,-111.910439,40.761303,,26.10,none,None,None,None,-9999.00
193,2023-09-26T04:01:00,2023,9,-111.910561,40.761528,,26.70,none,None,None,None,-9999.00
194,2023-09-26T04:03:35,2023,9,-111.910423,40.761513,,19.00,none,None,None,None,-9999.00
195,2023-09-26T04:06:10,2023,9,-111.910614,40.7616,,7.70,none,None,None,None,-9999.00
196,2023-09-26T04:08:45,2023,9,-111.91066,40.761364,,11.80,none,None,None,None,-9999.00
197,2023-09-26T04:11:20,2023,9,-111.91069,40.761288,,16.10,none,None,None,None,-9999.00
198,2023-09-26T04:13:55,2023,9,-111.910614,40.761375,,8.20,none,None,None,None,-9999.00
199,2023-09-26T04:16:30,2023,9,-111.910599,40.761112,,4.70,none,None,None,None,-9999.00
200,2023-09-26T04:19:15,2023,9,-111.910446,40.760014,,5.50,none,None,None,None,-9999.00
201,2023-09-26T04:21:50,2023,9,-111.910728,40.761364,,7.50,none,None,None,None,-9999.00
202,2023-09-26T04:24:25,2023,9,-111.910683,40.761181,,7.30,none,None,None,None,-9999.00
203,2023-09-26T04:27:00,2023,9,-111.910416,40.761398,,4.80,none,None,None,None,-9999.00
204,2023-09-26T04:29:35,2023,9,-111.910477,40.761478,,6.60,none,None,None,None,-9999.00
205,2023-09-26T04:32:10,2023,9,-111.910606,40.761303,,7.10,none,None,None,None,-9999.00
206,2023-09-26T04:34:45,2023,9,-111.910515,40.761364,,5.00,none,None,None,None,-9999.00
207,2023-09-26T04:37:20,2023,9,-111.910683,40.761066,,2.60,none,None,None,None,-9999.00
208,2023-09-26T04:39:55,2023,9,-111.911308,40.761787,,5.60,none,None,None,None,-9999.00
209,2023-09-26T04:42:30,2023,9,-111.910416,40.761158,,7.50,none,None,None,None,-9999.00
210,2023-09-26T04:45:05,2023,9,-111.910713,40.761375,,8.60,none,None,None,None,-9999.00
211,2023-09-26T04:47:40,2023,9,-111.910454,40.761387,,13.40,none,None,None,None,-9999.00
212,2023-09-26T04:50:15,2023,9,-111.910583,40.761379,,17.80,none,None,None,None,-9999.00
213,2023-09-26T04:52:50,2023,9,-111.910553,40.761311,,18.60,none,None,None,None,-9999.00
214,2023-09-26T04:55:25,2023,9,-111.910721,40.761971,,24.30,none,None,None,None,-9999.00
215,2023-09-26T04:58:00,2023,9,-111.910782,40.761189,,25.50,none,None,None,None,-9999.00
216,2023-09-26T05:00:35,2023,9,-111.910507,40.761654,,23.70,none,None,None,None,-9999.00
217,2023-09-26T05:03:10,2023,9,-111.910805,40.76144,,13.90,none,None,None,None,-9999.00
218,2023-09-26T05:05:45,2023,9,-111.910774,40.76141,,11.40,none,None,None,None,-9999.00
219,2023-09-26T05:08:20,2023,9,-111.910728,40.761532,,9.70,none,None,None,None,-9999.00
220,2023-09-26T05:10:55,2023,9,-111.910683,40.761494,,13.50,none,None,None,None,-9999.00
221,2023-09-26T05:13:30,2023,9,-111.91053,40.761318,,19.80,none,None,None,None,-9999.00
222,2023-09-26T05:16:05,2023,9,-111.910522,40.761509,,18.10,none,None,None,None,-9999.00
223,2023-09-26T05:18:40,2023,9,-111.910484,40.761333,,27.60,none,None,None,None,-9999.00
224,2023-09-26T05:21:15,2023,9,-111.910553,40.761414,,27.30,none,None,None,None,-9999.00
225,2023-09-26T05:23:50,2023,9,-111.910622,40.761383,,28.90,none,None,None,None,-9999.00
226,2023-09-26T05:26:35,2023,9,-111.911095,40.761436,,27.30,none,None,None,None,-9999.00
227,2023-09-26T05:29:10,2023,9,-111.910782,40.761513,,14.10,none,None,None,None,-9999.00
228,2023-09-26T05:31:45,2023,9,-111.910728,40.761623,,9.50,none,None,None,None,-9999.00
229,2023-09-26T05:34:20,2023,9,-111.910477,40.76144,,31.40,none,None,None,None,-9999.00
230,2023-09-26T05:36:55,2023,9,-111.910599,40.761444,,38.00,none,None,None,None,-9999.00
231,2023-09-26T05:39:30,2023,9,-111.910751,40.761383,,35.60,none,None,None,None,-9999.00
232,2023-09-26T05:42:05,2023,9,-111.910675,40.761475,,24.50,none,None,None,None,-9999.00
233,2023-09-26T05:44:40,2023,9,-111.910675,40.761368,,37.90,none,None,None,None,-9999.00
234,2023-09-26T05:47:15,2023,9,-111.910728,40.76133,,38.20,none,None,None,None,-9999.00
235,2023-09-26T05:49:50,2023,9,-111.910782,40.761517,,35.70,none,None,None,None,-9999.00
236,2023-09-26T05:52:25,2023,9,-111.910637,40.761452,,31.40,none,None,None,None,-9999.00
237,2023-09-26T05:55:00,2023,9,-111.910873,40.76136,,30.80,none,None,None,None,-9999.00
238,2023-09-26T05:57:35,2023,9,-111.910706,40.761532,,34.10,none,None,None,None,-9999.00
239,2023-09-26T06:00:10,2023,9,-111.910713,40.761383,,35.80,none,None,None,None,-9999.00
240,2023-09-26T06:02:45,2023,9,-111.910545,40.761051,,29.30,none,None,None,None,-9999.00
241,2023-09-26T06:05:20,2023,9,-111.910622,40.761395,,33.90,none,None,None,None,-9999.00
242,2023-09-26T06:07:55,2023,9,-111.910583,40.761433,,32.30,none,None,None,None,-9999.00
243,2023-09-26T06:10:30,2023,9,-111.910568,40.761372,,31.60,none,None,None,None,-9999.00
244,2023-09-26T06:13:05,2023,9,-111.910706,40.761478,,33.30,none,None,None,None,-9999.00
245,2023-09-26T06:15:40,2023,9,-111.910416,40.761349,,24.30,none,None,None,None,-9999.00
246,2023-09-26T06:18:15,2023,9,-111.910469,40.761246,,29.80,none,None,None,None,-9999.00
247,2023-09-26T06:20:50,2023,9,-111.910576,40.761391,,30.10,none,None,None,None,-9999.00
248,2023-09-26T06:23:25,2023,9,-111.910599,40.761456,,34.50,none,None,None,None,-9999.00
249,2023-09-26T06:26:00,2023,9,-111.910782,40.761429,,35.20,none,None,None,None,-9999.00
250,2023-09-26T06:28:35,2023,9,-111.91066,40.761581,,32.10,none,None,None,None,-9999.00
251,2023-09-26T06:31:10,2023,9,-111.910728,40.761444,,34.50,none,None,None,None,-9999.00
252,2023-09-26T06:33:45,2023,9,-111.910789,40.761631,,30.90,none,None,None,None,-9999.00
253,2023-09-26T06:36:20,2023,9,-111.910583,40.761551,,35.30,none,None,None,None,-9999.00
254,2023-09-26T06:38:55,2023,9,-111.910461,40.761269,,17.10,none,None,None,None,-9999.00
255,2023-09-26T06:41:30,2023,9,-111.910568,40.761372,,11.40,none,None,None,None,-9999.00
256,2023-09-26T06:44:05,2023,9,-111.910706,40.761597,,19.60,none,None,None,None,-9999.00
257,2023-09-26T06:46:40,2023,9,-111.910698,40.761417,,23.00,none,None,None,None,-9999.00
258,2023-09-26T06:49:15,2023,9,-111.910637,40.761604,,19.50,none,None,None,None,-9999.00
259,2023-09-26T06:51:50,2023,9,-111.9104,40.76144,,24.70,none,None,None,None,-9999.00
260,2023-09-26T06:54:25,2023,9,-111.910728,40.761497,,21.40,none,None,None,None,-9999.00
261,2023-09-26T06:57:00,2023,9,-111.910835,40.761494,,17.00,none,None,None,None,-9999.00
262,2023-09-26T06:59:35,2023,9,-111.910675,40.761536,,20.50,none,None,None,None,-9999.00
263,2023-09-26T07:02:10,2023,9,-111.910515,40.761395,,19.30,none,None,None,None,-9999.00
264,2023-09-26T07:04:45,2023,9,-111.910645,40.761387,,15.20,none,None,None,None,-9999.00
265,2023-09-26T07:07:20,2023,9,-111.910675,40.761383,,13.00,none,None,None,None,-9999.00
266,2023-09-26T07:09:55,2023,9,-111.910538,40.761425,,14.10,none,None,None,None,-9999.00
267,2023-09-26T07:12:30,2023,9,-111.910629,40.761349,,15.30,none,None,None,None,-9999.00
268,2023-09-26T07:15:05,2023,9,-111.910698,40.76141,,13.10,none,None,None,None,-9999.00
269,2023-09-26T07:17:40,2023,9,-111.910583,40.761421,,12.70,none,None,None,None,-9999.00
270,2023-09-26T07:20:15,2023,9,-111.910477,40.761478,,10.50,none,None,None,None,-9999.00
271,2023-09-26T07:22:50,2023,9,-111.910477,40.761612,,19.50,none,None,None,None,-9999.00
272,2023-09-26T07:25:25,2023,9,-111.910515,40.761581,,17.70,none,None,None,None,-9999.00
273,2023-09-26T07:28:00,2023,9,-111.910706,40.761654,,16.80,none,None,None,None,-9999.00
274,2023-09-26T07:30:35,2023,9,-111.910301,40.761559,,24.70,none,None,None,None,-9999.00
275,2023-09-26T07:34:25,2023,9,-111.910416,40.761681,,31.80,none,None,None,None,-9999.00
276,2023-09-26T07:37:00,2023,9,-111.910629,40.761383,,27.30,none,None,None,None,-9999.00
277,2023-09-26T07:39:35,2023,9,-111.910599,40.761753,,33.70,none,None,None,None,-9999.00
278,2023-09-26T07:42:10,2023,9,-111.910629,40.761414,,33.50,none,None,None,None,-9999.00
279,2023-09-26T07:44:45,2023,9,-111.910622,40.761578,,34.40,none,None,None,None,-9999.00
280,2023-09-27T21:32:45,2023,9,-111.910675,40.761398,,-9999.00,none,None,None,None,-9999.00
281,2023-09-27T21:35:20,2023,9,-111.911148,40.761341,,46.90,none,None,None,None,-9999.00
282,2023-09-27T21:37:55,2023,9,-111.911156,40.761391,,48.80,none,None,None,None,-9999.00
283,2023-09-27T21:40:30,2023,9,-111.911095,40.761311,,54.20,none,None,None,None,-9999.00
284,2023-09-27T21:43:05,2023,9,-111.911232,40.76136,,54.80,none,None,None,None,-9999.00
285,2023-09-27T21:45:40,2023,9,-111.910851,40.761406,,54.20,none,None,None,None,-9999.00
286,2023-09-27T21:48:15,2023,9,-111.910583,40.761494,,53.60,none,None,None,None,-9999.00
287,2023-09-27T21:50:50,2023,9,-111.910683,40.761341,,48.40,none,None,None,None,-9999.00
288,2023-09-27T21:53:25,2023,9,-111.910431,40.761349,,51.20,none,None,None,None,-9999.00
289,2023-09-27T21:56:00,2023,9,-111.910652,40.761337,,47.30,none,None,None,None,-9999.00
290,2023-09-27T21:59:05,2023,9,-111.910469,40.761383,,54.20,none,None,None,None,-9999.00
291,2023-09-27T22:01:40,2023,9,-111.910233,40.761627,,49.50,none,None,None,None,-9999.00
292,2023-09-27T22:04:15,2023,9,-111.909752,40.762154,,48.90,none,None,None,None,-9999.00
293,2023-09-27T22:06:50,2023,9,-111.910591,40.761326,,52.50,none,None,None,None,-9999.00
294,2023-09-27T22:09:25,2023,9,-111.9105,40.761574,,53.20,none,None,None,None,-9999.00
295,2023-09-27T22:12:00,2023,9,-111.910576,40.76136,,48.70,none,None,None,None,-9999.00
296,2023-09-27T22:14:45,2023,9,-111.910622,40.761414,,48.00,none,None,None,None,-9999.00
297,2023-09-27T22:17:20,2023,9,-111.91069,40.761677,,50.70,none,None,None,None,-9999.00
298,2023-09-27T22:19:55,2023,9,-111.910652,40.761486,,50.30,none,None,None,None,-9999.00
299,2023-09-27T22:22:30,2023,9,-111.91066,40.761292,,50.10,none,None,None,None,-9999.00
300,2023-09-27T22:25:05,2023,9,-111.910614,40.761398,,50.80,none,None,None,None,-9999.00
301,2023-09-27T22:27:40,2023,9,-111.911026,40.761269,,50.10,none,None,None,None,-9999.00
302,2023-09-27T22:30:15,2023,9,-111.910408,40.761425,,43.00,none,None,None,None,-9999.00
303,2023-09-27T22:32:50,2023,9,-111.911354,40.761406,,46.20,none,None,None,None,-9999.00
304,2023-09-27T22:35:25,2023,9,-111.910461,40.761436,,48.90,none,None,None,None,-9999.00
305,2023-09-27T22:38:00,2023,9,-111.910484,40.761238,,43.10,none,None,None,None,-9999.00
306,2023-09-27T22:40:35,2023,9,-111.910553,40.761379,,47.80,none,None,None,None,-9999.00
307,2023-09-27T22:43:10,2023,9,-111.910538,40.761581,,47.70,none,None,None,None,-9999.00
308,2023-09-27T22:45:45,2023,9,-111.910408,40.761444,,44.10,none,None,None,None,-9999.00
309,2023-09-27T22:48:20,2023,9,-111.910622,40.761528,,46.80,none,None,None,None,-9999.00
310,2023-09-27T22:50:55,2023,9,-111.910667,40.761528,,45.80,none,None,None,None,-9999.00
311,2023-09-27T22:53:30,2023,9,-111.910515,40.762035,,44.60,none,None,None,None,-9999.00
312,2023-09-27T22:56:05,2023,9,-111.909576,40.76107,,44.50,none,None,None,None,-9999.00
313,2023-09-27T22:58:40,2023,9,-111.910347,40.761307,,45.00,none,None,None,None,-9999.00
314,2023-09-27T23:01:15,2023,9,-111.910141,40.761326,,43.80,none,None,None,None,-9999.00
315,2023-09-27T23:03:50,2023,9,-111.910652,40.761433,,48.60,none,None,None,None,-9999.00
316,2023-09-27T23:06:25,2023,9,-111.910538,40.761398,,46.20,none,None,None,None,-9999.00
317,2023-09-27T23:09:00,2023,9,-111.910805,40.761433,,47.20,none,None,None,None,-9999.00
318,2023-09-27T23:11:35,2023,9,-111.910553,40.761425,,42.50,none,None,None,None,-9999.00
319,2023-09-27T23:14:10,2023,9,-111.910645,40.761417,,40.60,none,None,None,None,-9999.00
320,2023-09-27T23:16:45,2023,9,-111.910545,40.76149,,43.70,none,None,None,None,-9999.00
321,2023-09-27T23:19:20,2023,9,-111.910667,40.761555,,42.50,none,None,None,None,-9999.00
322,2023-09-27T23:21:55,2023,9,-111.910835,40.761177,,40.80,none,None,None,None,-9999.00
323,2023-09-27T23:24:30,2023,9,-111.910553,40.761673,,42.50,none,None,None,None,-9999.00
324,2023-09-27T23:27:05,2023,9,-111.910805,40.761497,,43.60,none,None,None,None,-9999.00
325,2023-09-27T23:29:40,2023,9,-111.91066,40.761711,,42.70,none,None,None,None,-9999.00
326,2023-09-27T23:32:15,2023,9,-111.910721,40.761436,,43.80,none,None,None,None,-9999.00
327,2023-09-27T23:34:50,2023,9,-111.910706,40.76141,,41.80,none,None,None,None,-9999.00
328,2023-09-27T23:37:25,2023,9,-111.910805,40.761494,,43.60,none,None,None,None,-9999.00
329,2023-09-27T23:40:00,2023,9,-111.910637,40.761292,,43.20,none,None,None,None,-9999.00
330,2023-09-27T23:42:35,2023,9,-111.910744,40.761353,,37.50,none,None,None,None,-9999.00
331,2023-09-27T23:45:10,2023,9,-111.910873,40.761497,,39.20,none,None,None,None,-9999.00
332,2023-09-27T23:47:45,2023,9,-111.910683,40.761059,,43.00,none,None,None,None,-9999.00
333,2023-09-27T23:50:30,2023,9,-111.910309,40.761868,,37.30,none,None,None,None,-9999.00
334,2023-09-27T23:53:05,2023,9,-111.910492,40.761276,,39.90,none,None,None,None,-9999.00
335,2023-09-27T23:55:40,2023,9,-111.910347,40.761436,,41.00,none,None,None,None,-9999.00
336,2023-09-27T23:58:15,2023,9,-111.910583,40.761395,,43.80,none,None,None,None,-9999.00
337,2023-09-28T00:00:50,2023,9,-111.910545,40.761364,,39.80,none,None,None,None,-9999.00
338,2023-09-28T00:03:25,2023,9,-111.910515,40.761379,,44.30,none,None,None,None,-9999.00
339,2023-09-28T00:06:00,2023,9,-111.910583,40.761333,,44.50,none,None,None,None,-9999.00
340,2023-09-28T00:08:35,2023,9,-111.910522,40.761379,,40.00,none,None,None,None,-9999.00
341,2023-09-28T00:11:10,2023,9,-111.910629,40.761463,,35.00,none,None,None,None,-9999.00
342,2023-09-28T00:13:45,2023,9,-111.910454,40.761383,,38.80,none,None,None,None,-9999.00
343,2023-09-28T00:16:20,2023,9,-111.910477,40.761444,,45.00,none,None,None,None,-9999.00
344,2023-09-28T00:18:55,2023,9,-111.910454,40.761593,,42.90,none,None,None,None,-9999.00
345,2023-09-28T00:21:30,2023,9,-111.910568,40.761951,,37.60,none,None,None,None,-9999.00
346,2023-09-28T00:24:05,2023,9,-111.910622,40.761532,,38.80,none,None,None,None,-9999.00
347,2023-09-28T00:26:40,2023,9,-111.910622,40.761528,,39.30,none,None,None,None,-9999.00
348,2023-09-28T00:29:15,2023,9,-111.910561,40.761429,,43.50,none,None,None,None,-9999.00
349,2023-09-28T00:31:50,2023,9,-111.910599,40.761505,,38.00,none,None,None,None,-9999.00
350,2023-09-28T00:34:25,2023,9,-111.910736,40.761543,,38.70,none,None,None,None,-9999.00
351,2023-09-28T00:37:00,2023,9,-111.910858,40.761547,,40.60,none,None,None,None,-9999.00
352,2023-09-28T00:39:35,2023,9,-111.910728,40.76144,,42.90,none,None,None,None,-9999.00
353,2023-09-28T00:42:10,2023,9,-111.910568,40.761349,,35.40,none,None,None,None,-9999.00
354,2023-09-28T00:44:45,2023,9,-111.910706,40.761318,,38.70,none,None,None,None,-9999.00
355,2023-09-28T00:47:20,2023,9,-111.910645,40.761227,,37.20,none,None,None,None,-9999.00
356,2023-09-28T00:49:55,2023,9,-111.91069,40.76152,,35.10,none,None,None,None,-9999.00
357,2023-09-28T00:52:30,2023,9,-111.910683,40.761486,,37.80,none,None,None,None,-9999.00
358,2023-09-28T00:55:05,2023,9,-111.910423,40.761402,,36.70,none,None,None,None,-9999.00
359,2023-09-28T00:57:40,2023,9,-111.910667,40.761524,,39.10,none,None,None,None,-9999.00
360,2023-09-28T01:00:15,2023,9,-111.910454,40.761307,,39.00,none,None,None,None,-9999.00
361,2023-09-28T01:02:50,2023,9,-111.910538,40.761364,,39.10,none,None,None,None,-9999.00
362,2023-09-28T01:05:25,2023,9,-111.910629,40.761604,,36.90,none,None,None,None,-9999.00
363,2023-09-28T01:08:00,2023,9,-111.910591,40.761486,,35.30,none,None,None,None,-9999.00
364,2023-09-28T01:10:35,2023,9,-111.910416,40.76181,,25.30,none,None,None,None,-9999.00
365,2023-09-28T01:13:10,2023,9,-111.910667,40.761551,,33.50,none,None,None,None,-9999.00
366,2023-09-28T01:15:45,2023,9,-111.910538,40.761486,,27.90,none,None,None,None,-9999.00
367,2023-09-28T01:18:20,2023,9,-111.910439,40.761414,,33.00,none,None,None,None,-9999.00
368,2023-09-28T01:20:55,2023,9,-111.910355,40.761322,,31.40,none,None,None,None,-9999.00
369,2023-09-28T01:23:30,2023,9,-111.910629,40.7616,,30.40,none,None,None,None,-9999.00
370,2023-09-28T01:26:05,2023,9,-111.910599,40.761398,,32.90,none,None,None,None,-9999.00
371,2023-09-28T01:28:40,2023,9,-111.910583,40.761208,,29.40,none,None,None,None,-9999.00
372,2023-09-28T01:31:15,2023,9,-111.910492,40.761436,,31.50,none,None,None,None,-9999.00
373,2023-09-28T01:33:50,2023,9,-111.910545,40.761192,,32.70,none,None,None,None,-9999.00
374,2023-09-28T01:36:25,2023,9,-111.910713,40.761318,,29.60,none,None,None,None,-9999.00
375,2023-09-28T01:39:00,2023,9,-111.910545,40.761299,,29.90,none,None,None,None,-9999.00
376,2023-09-28T01:41:35,2023,9,-111.910423,40.761497,,13.20,none,None,None,None,-9999.00
377,2023-09-28T01:44:10,2023,9,-111.91069,40.761166,,29.70,none,None,None,None,-9999.00
378,2023-09-28T01:46:45,2023,9,-111.910583,40.761326,,24.70,none,None,None,None,-9999.00
379,2023-09-28T01:49:20,2023,9,-111.910576,40.761314,,14.00,none,None,None,None,-9999.00
380,2023-09-28T01:51:55,2023,9,-111.9105,40.761578,,27.00,none,None,None,None,-9999.00
381,2023-09-28T01:54:30,2023,9,-111.910759,40.761223,,27.90,none,None,None,None,-9999.00
382,2023-09-28T01:57:05,2023,9,-111.910599,40.761303,,19.30,none,None,None,None,-9999.00
383,2023-09-28T01:59:40,2023,9,-111.910629,40.761414,,11.00,none,None,None,None,-9999.00
384,2023-09-28T02:02:15,2023,9,-111.910751,40.761463,,12.60,none,None,None,None,-9999.00
385,2023-09-28T02:04:50,2023,9,-111.910622,40.761608,,21.70,none,None,None,None,-9999.00
386,2023-09-28T02:07:25,2023,9,-111.910439,40.761383,,20.00,none,None,None,None,-9999.00
387,2023-09-28T02:10:00,2023,9,-111.910522,40.761356,,23.20,none,None,None,None,-9999.00
388,2023-09-28T02:12:35,2023,9,-111.910606,40.761478,,25.90,none,None,None,None,-9999.00
389,2023-09-28T02:15:10,2023,9,-111.910645,40.761448,,19.20,none,None,None,None,-9999.00
390,2023-09-28T02:17:45,2023,9,-111.910698,40.761429,,7.50,none,None,None,None,-9999.00
391,2023-09-28T02:20:20,2023,9,-111.910652,40.761494,,12.00,none,None,None,None,-9999.00
392,2023-09-28T02:22:55,2023,9,-111.910881,40.761536,,14.60,none,None,None,None,-9999.00
393,2023-09-28T02:25:30,2023,9,-111.910614,40.761429,,21.40,none,None,None,None,-9999.00
394,2023-09-28T02:28:05,2023,9,-111.910645,40.761471,,25.40,none,None,None,None,-9999.00
395,2023-09-28T02:30:40,2023,9,-111.910454,40.761326,,33.10,none,None,None,None,-9999.00
396,2023-09-28T02:33:15,2023,9,-111.910599,40.761414,,30.70,none,None,None,None,-9999.00
397,2023-09-28T02:35:50,2023,9,-111.910629,40.761234,,22.50,none,None,None,None,-9999.00
398,2023-09-28T02:38:25,2023,9,-111.910675,40.761539,,23.70,none,None,None,None,-9999.00
399,2023-09-28T02:41:00,2023,9,-111.910469,40.761524,,19.90,none,None,None,None,-9999.00
400,2023-09-28T02:43:35,2023,9,-111.910606,40.761387,,21.60,none,None,None,None,-9999.00
401,2023-09-28T02:46:10,2023,9,-111.910629,40.761448,,16.90,none,None,None,None,-9999.00
402,2023-09-28T02:48:45,2023,9,-111.910576,40.761539,,23.90,none,None,None,None,-9999.00
403,2023-09-28T02:51:20,2023,9,-111.910652,40.761436,,28.60,none,None,None,None,-9999.00
404,2023-09-28T02:53:55,2023,9,-111.91066,40.761486,,25.60,none,None,None,None,-9999.00
405,2023-09-28T02:56:30,2023,9,-111.910698,40.761429,,28.60,none,None,None,None,-9999.00
406,2023-09-28T02:59:05,2023,9,-111.910774,40.761314,,28.40,none,None,None,None,-9999.00
407,2023-09-28T03:01:40,2023,9,-111.910255,40.761509,,28.40,none,None,None,None,-9999.00
408,2023-09-28T03:04:15,2023,9,-111.91066,40.761372,,30.70,none,None,None,None,-9999.00
409,2023-09-28T03:06:50,2023,9,-111.910606,40.761398,,22.90,none,None,None,None,-9999.00
410,2023-09-28T03:09:25,2023,9,-111.910606,40.761387,,24.30,none,None,None,None,-9999.00
411,2023-09-28T03:12:00,2023,9,-111.910614,40.761513,,19.20,none,None,None,None,-9999.00
412,2023-09-28T03:14:35,2023,9,-111.910637,40.761467,,16.80,none,None,None,None,-9999.00
413,2023-09-28T03:17:10,2023,9,-111.910736,40.761269,,20.80,none,None,None,None,-9999.00
414,2023-09-28T03:19:45,2023,9,-111.910713,40.761261,,23.00,none,None,None,None,-9999.00
415,2023-09-28T03:22:20,2023,9,-111.910751,40.761364,,20.50,none,None,None,None,-9999.00
416,2023-09-28T03:24:55,2023,9,-111.910667,40.761429,,15.30,none,None,None,None,-9999.00
417,2023-09-28T03:27:30,2023,9,-111.910713,40.761433,,15.00,none,None,None,None,-9999.00
418,2023-09-28T03:30:05,2023,9,-111.910645,40.761345,,17.90,none,None,None,None,-9999.00
419,2023-09-28T03:32:40,2023,9,-111.910606,40.761353,,20.80,none,None,None,None,-9999.00
420,2023-09-28T03:35:15,2023,9,-111.910599,40.761238,,16.80,none,None,None,None,-9999.00
421,2023-09-28T03:37:50,2023,9,-111.910652,40.761204,,19.80,none,None,None,None,-9999.00
422,2023-09-28T03:40:25,2023,9,-111.91069,40.761528,,25.50,none,None,None,None,-9999.00
423,2023-09-28T03:43:00,2023,9,-111.910469,40.761703,,23.70,none,None,None,None,-9999.00
424,2023-09-28T03:45:35,2023,9,-111.910599,40.761288,,29.10,none,None,None,None,-9999.00
425,2023-09-28T03:48:10,2023,9,-111.910591,40.761333,,28.90,none,None,None,None,-9999.00
426,2023-09-28T03:50:45,2023,9,-111.910698,40.761467,,27.40,none,None,None,None,-9999.00
427,2023-09-28T03:53:20,2023,9,-111.910652,40.761372,,19.80,none,None,None,None,-9999.00
428,2023-09-28T03:55:55,2023,9,-111.910629,40.761482,,15.10,none,None,None,None,-9999.00
429,2023-09-28T03:58:30,2023,9,-111.910492,40.761124,,16.00,none,None,None,None,-9999.00
430,2023-09-28T04:01:05,2023,9,-111.910614,40.761276,,11.70,none,None,None,None,-9999.00
431,2023-09-28T04:03:40,2023,9,-111.910614,40.761345,,8.70,none,None,None,None,-9999.00
432,2023-09-28T04:06:15,2023,9,-111.910553,40.761475,,9.70,none,None,None,None,-9999.00
433,2023-09-28T04:08:50,2023,9,-111.910515,40.761547,,6.60,none,None,None,None,-9999.00
434,2023-09-28T04:11:25,2023,9,-111.910583,40.761269,,5.30,none,None,None,None,-9999.00
435,2023-09-28T04:14:00,2023,9,-111.910797,40.761444,,5.00,none,None,None,None,-9999.00
436,2023-09-28T04:16:35,2023,9,-111.910522,40.761131,,7.10,none,None,None,None,-9999.00
437,2023-09-28T04:19:10,2023,9,-111.910698,40.761356,,7.20,none,None,None,None,-9999.00
438,2023-09-28T04:21:45,2023,9,-111.910606,40.761497,,5.50,none,None,None,None,-9999.00
439,2023-09-28T04:24:20,2023,9,-111.910507,40.76078,,6.10,none,None,None,None,-9999.00
440,2023-09-28T04:26:55,2023,9,-111.910622,40.761593,,3.90,none,None,None,None,-9999.00
441,2023-09-28T04:29:30,2023,9,-111.910614,40.761269,,5.20,none,None,None,None,-9999.00
442,2023-09-28T04:32:05,2023,9,-111.910583,40.761326,,10.90,none,None,None,None,-9999.00
443,2023-09-28T04:34:40,2023,9,-111.910393,40.76125,,5.40,none,None,None,None,-9999.00
444,2023-09-28T04:37:15,2023,9,-111.910576,40.761501,,4.30,none,None,None,None,-9999.00
445,2023-09-28T04:39:50,2023,9,-111.910484,40.76141,,6.10,none,None,None,None,-9999.00
446,2023-09-28T04:42:25,2023,9,-111.910454,40.761612,,13.10,none,None,None,None,-9999.00
447,2023-09-28T04:45:00,2023,9,-111.910393,40.761341,,15.10,none,None,None,None,-9999.00
448,2023-09-28T04:47:35,2023,9,-111.910622,40.761543,,23.60,none,None,None,None,-9999.00
449,2023-09-28T04:50:10,2023,9,-111.910591,40.761478,,24.60,none,None,None,None,-9999.00
450,2023-09-28T04:52:45,2023,9,-111.910477,40.761208,,27.80,none,None,None,None,-9999.00
451,2023-09-28T04:55:20,2023,9,-111.911018,40.761269,,26.20,none,None,None,None,-9999.00
452,2023-09-28T04:57:55,2023,9,-111.910721,40.761517,,27.70,none,None,None,None,-9999.00
453,2023-09-28T05:00:30,2023,9,-111.910568,40.761673,,23.20,none,None,None,None,-9999.00
454,2023-09-28T05:03:05,2023,9,-111.910164,40.760647,,19.50,none,None,None,None,-9999.00
455,2023-09-28T05:05:40,2023,9,-111.910324,40.761452,,21.40,none,None,None,None,-9999.00
456,2023-09-28T05:08:15,2023,9,-111.910622,40.761475,,20.10,none,None,None,None,-9999.00
457,2023-09-28T05:10:50,2023,9,-111.910583,40.761288,,19.20,none,None,None,None,-9999.00
458,2023-09-28T05:13:25,2023,9,-111.910591,40.761475,,24.80,none,None,None,None,-9999.00
459,2023-09-28T05:16:00,2023,9,-111.910477,40.761478,,20.10,none,None,None,None,-9999.00
460,2023-09-28T05:18:35,2023,9,-111.910751,40.761486,,24.00,none,None,None,None,-9999.00
461,2023-09-28T05:21:10,2023,9,-111.910614,40.761459,,30.90,none,None,None,None,-9999.00
462,2023-09-28T05:23:45,2023,9,-111.910606,40.761398,,30.20,none,None,None,None,-9999.00
463,2023-09-28T05:26:20,2023,9,-111.910606,40.761517,,26.80,none,None,None,None,-9999.00
464,2023-09-28T05:28:55,2023,9,-111.910553,40.761517,,28.40,none,None,None,None,-9999.00
465,2023-09-28T05:31:30,2023,9,-111.91066,40.761467,,30.30,none,None,None,None,-9999.00
466,2023-09-28T05:34:05,2023,9,-111.910522,40.761337,,25.00,none,None,None,None,-9999.00
467,2023-09-28T05:36:40,2023,9,-111.910675,40.761288,,27.00,none,None,None,None,-9999.00
468,2023-09-28T05:39:15,2023,9,-111.910744,40.761307,,26.90,none,None,None,None,-9999.00
469,2023-09-28T05:41:50,2023,9,-111.910721,40.761452,,21.10,none,None,None,None,-9999.00
470,2023-09-28T05:44:25,2023,9,-111.91111,40.761497,,18.80,none,None,None,None,-9999.00
471,2023-09-28T05:47:00,2023,9,-111.910606,40.761391,,15.40,none,None,None,None,-9999.00
472,2023-09-28T05:49:35,2023,9,-111.910767,40.76149,,25.80,none,None,None,None,-9999.00
473,2023-09-28T05:52:10,2023,9,-111.910591,40.761383,,22.90,none,None,None,None,-9999.00
474,2023-09-28T05:54:45,2023,9,-111.910515,40.761314,,23.10,none,None,None,None,-9999.00
475,2023-09-28T05:57:20,2023,9,-111.910767,40.761333,,10.20,none,None,None,None,-9999.00
476,2023-09-28T05:59:55,2023,9,-111.910728,40.761448,,8.10,none,None,None,None,-9999.00
477,2023-09-28T06:02:30,2023,9,-111.910362,40.761265,,6.00,none,None,None,None,-9999.00
478,2023-09-28T06:05:05,2023,9,-111.9105,40.761353,,5.10,none,None,None,None,-9999.00
479,2023-09-28T06:07:40,2023,9,-111.910423,40.761467,,9.50,none,None,None,None,-9999.00
480,2023-09-28T06:10:15,2023,9,-111.910599,40.761337,,5.20,none,None,None,None,-9999.00
481,2023-09-28T06:12:50,2023,9,-111.910606,40.761402,,6.80,none,None,None,None,-9999.00
482,2023-09-28T06:15:25,2023,9,-111.910614,40.761501,,5.70,none,None,None,None,-9999.00
483,2023-09-28T06:18:00,2023,9,-111.910606,40.761471,,8.60,none,None,None,None,-9999.00
484,2023-09-28T06:20:35,2023,9,-111.910652,40.761497,,3.00,none,None,None,None,-9999.00
485,2023-09-28T06:23:10,2023,9,-111.910744,40.76141,,5.60,none,None,None,None,-9999.00
486,2023-09-28T06:25:45,2023,9,-111.910461,40.761307,,6.20,none,None,None,None,-9999.00
487,2023-09-28T06:28:20,2023,9,-111.910774,40.761494,,8.50,none,None,None,None,-9999.00
488,2023-09-28T06:30:55,2023,9,-111.910065,40.76125,,10.90,none,None,None,None,-9999.00
489,2023-09-28T06:33:30,2023,9,-111.910591,40.761536,,9.20,none,None,None,None,-9999.00
490,2023-09-28T06:36:05,2023,9,-111.910797,40.761654,,10.30,none,None,None,None,-9999.00
491,2023-09-28T06:38:40,2023,9,-111.910683,40.761478,,15.30,none,None,None,None,-9999.00
492,2023-09-28T06:41:15,2023,9,-111.910515,40.761444,,23.80,none,None,None,None,-9999.00
493,2023-09-28T06:43:50,2023,9,-111.910553,40.761791,,19.70,none,None,None,None,-9999.00
494,2023-09-28T06:46:25,2023,9,-111.910439,40.76149,,23.30,none,None,None,None,-9999.00
495,2023-09-28T06:49:00,2023,9,-111.910652,40.761627,,23.60,none,None,None,None,-9999.00
496,2023-09-28T06:51:35,2023,9,-111.91066,40.76099,,3.30,none,None,None,None,-9999.00
497,2023-09-28T06:54:10,2023,9,-111.910675,40.761311,,19.10,none,None,None,None,-9999.00
498,2023-09-28T06:56:45,2023,9,-111.910576,40.761406,,24.30,none,None,None,None,-9999.00
499,2023-09-28T06:59:20,2023,9,-111.910683,40.761623,,23.70,none,None,None,None,-9999.00
500,2023-09-28T07:01:55,2023,9,-111.910408,40.761467,,23.70,none,None,None,None,-9999.00
501,2023-09-28T07:04:30,2023,9,-111.910553,40.761387,,19.80,none,None,None,None,-9999.00
502,2023-09-28T07:07:05,2023,9,-111.910599,40.761375,,17.70,none,None,None,None,-9999.00
503,2023-09-28T07:09:40,2023,9,-111.910599,40.76149,,18.30,none,None,None,None,-9999.00
504,2023-09-28T07:12:15,2023,9,-111.910622,40.761559,,19.20,none,None,None,None,-9999.00
505,2023-09-28T07:14:50,2023,9,-111.910683,40.761528,,19.80,none,None,None,None,-9999.00
506,2023-09-28T07:17:25,2023,9,-111.910583,40.761353,,18.50,none,None,None,None,-9999.00
507,2023-09-28T07:20:00,2023,9,-111.910683,40.76181,,19.10,none,None,None,None,-9999.00
508,2023-09-28T23:21:25,2023,9,-111.944611,40.764431,,51.40,none,None,None,None,-9999.00
509,2023-09-28T23:27:00,2023,9,-111.947372,40.764961,,44.30,none,None,None,None,-9999.00
510,2023-09-28T23:29:35,2023,9,-111.945625,40.765125,,46.00,none,None,None,None,-9999.00
511,2023-09-28T23:32:10,2023,9,-111.910622,40.761387,,47.40,none,None,None,None,-9999.00
512,2023-09-28T23:34:45,2023,9,-111.910728,40.761234,,48.10,none,None,None,None,-9999.00
513,2023-09-28T23:37:20,2023,9,-111.910576,40.761398,,46.90,none,None,None,None,-9999.00
514,2023-09-28T23:39:55,2023,9,-111.910728,40.761326,,47.00,none,None,None,None,-9999.00
515,2023-09-28T23:42:30,2023,9,-111.910805,40.761742,,45.30,none,None,None,None,-9999.00
516,2023-09-28T23:45:05,2023,9,-111.910851,40.76141,,45.00,none,None,None,None,-9999.00
517,2023-09-28T23:47:40,2023,9,-111.910545,40.761463,,48.70,none,None,None,None,-9999.00
518,2023-09-28T23:50:15,2023,9,-111.910614,40.761524,,50.40,none,None,None,None,-9999.00
519,2023-09-28T23:52:50,2023,9,-111.910576,40.76152,,45.80,none,None,None,None,-9999.00
520,2023-09-28T23:55:25,2023,9,-111.910835,40.761356,,47.20,none,None,None,None,-9999.00
521,2023-09-28T23:58:00,2023,9,-111.910469,40.761372,,47.90,none,None,None,None,-9999.00
522,2023-09-29T00:00:35,2023,9,-111.910629,40.761314,,47.70,none,None,None,None,-9999.00
523,2023-09-29T00:03:10,2023,9,-111.910675,40.761246,,44.30,none,None,None,None,-9999.00
524,2023-09-29T00:05:45,2023,9,-111.910477,40.761425,,47.50,none,None,None,None,-9999.00
525,2023-09-29T00:08:20,2023,9,-111.910622,40.761333,,44.30,none,None,None,None,-9999.00
526,2023-09-29T00:10:55,2023,9,-111.9105,40.761543,,45.00,none,None,None,None,-9999.00
527,2023-09-29T00:13:30,2023,9,-111.910751,40.761543,,43.80,none,None,None,None,-9999.00
528,2023-09-29T00:16:05,2023,9,-111.910568,40.761784,,44.40,none,None,None,None,-9999.00
529,2023-09-29T00:18:40,2023,9,-111.91066,40.761509,,42.50,none,None,None,None,-9999.00
530,2023-09-29T00:21:15,2023,9,-111.91053,40.761513,,46.80,none,None,None,None,-9999.00
531,2023-09-29T00:23:50,2023,9,-111.910728,40.761356,,43.90,none,None,None,None,-9999.00
532,2023-09-29T00:26:25,2023,9,-111.910561,40.761303,,38.30,none,None,None,None,-9999.00
533,2023-09-29T00:29:00,2023,9,-111.910065,40.760078,,39.90,none,None,None,None,-9999.00
534,2023-09-29T00:31:35,2023,9,-111.910225,40.762291,,39.00,none,None,None,None,-9999.00
535,2023-09-29T00:34:10,2023,9,-111.910614,40.761292,,41.20,none,None,None,None,-9999.00
536,2023-09-29T00:36:45,2023,9,-111.910538,40.761387,,34.20,none,None,None,None,-9999.00
537,2023-09-29T00:39:20,2023,9,-111.910637,40.761276,,36.00,none,None,None,None,-9999.00
538,2023-09-29T00:41:55,2023,9,-111.910706,40.761425,,22.80,none,None,None,None,-9999.00
539,2023-09-29T00:44:30,2023,9,-111.910782,40.761513,,38.60,none,None,None,None,-9999.00
540,2023-09-29T00:47:05,2023,9,-111.910728,40.761436,,38.90,none,None,None,None,-9999.00
541,2023-09-29T00:49:40,2023,9,-111.910645,40.761417,,34.80,none,None,None,None,-9999.00
542,2023-09-29T00:52:15,2023,9,-111.910675,40.761547,,36.20,none,None,None,None,-9999.00
543,2023-09-29T00:54:50,2023,9,-111.91053,40.761448,,36.40,none,None,None,None,-9999.00
544,2023-09-29T00:57:25,2023,9,-111.910515,40.761517,,38.10,none,None,None,None,-9999.00
545,2023-09-29T01:00:00,2023,9,-111.910599,40.761406,,37.30,none,None,None,None,-9999.00
546,2023-09-29T01:02:35,2023,9,-111.9105,40.761478,,35.90,none,None,None,None,-9999.00
547,2023-09-29T01:05:10,2023,9,-111.910698,40.761421,,36.30,none,None,None,None,-9999.00
548,2023-09-29T01:07:45,2023,9,-111.910645,40.761349,,39.50,none,None,None,None,-9999.00
549,2023-09-29T01:10:20,2023,9,-111.910667,40.761387,,37.00,none,None,None,None,-9999.00
550,2023-09-29T01:12:55,2023,9,-111.910599,40.761555,,30.70,none,None,None,None,-9999.00
551,2023-09-29T01:15:30,2023,9,-111.910439,40.761353,,27.40,none,None,None,None,-9999.00
552,2023-09-29T01:18:05,2023,9,-111.910545,40.761433,,33.40,none,None,None,None,-9999.00
553,2023-09-29T01:20:40,2023,9,-111.910591,40.761532,,34.20,none,None,None,None,-9999.00
554,2023-09-29T01:23:15,2023,9,-111.910713,40.761448,,35.10,none,None,None,None,-9999.00
555,2023-09-29T01:25:50,2023,9,-111.910576,40.76141,,35.80,none,None,None,None,-9999.00
556,2023-09-29T01:28:25,2023,9,-111.91066,40.761364,,34.00,none,None,None,None,-9999.00
557,2023-09-29T01:31:00,2023,9,-111.910515,40.761517,,35.30,none,None,None,None,-9999.00
558,2023-09-29T01:33:35,2023,9,-111.910751,40.761356,,34.90,none,None,None,None,-9999.00
559,2023-09-29T01:36:10,2023,9,-111.910583,40.761478,,29.60,none,None,None,None,-9999.00
560,2023-09-29T01:38:45,2023,9,-111.910645,40.761333,,27.60,none,None,None,None,-9999.00
561,2023-09-29T01:41:20,2023,9,-111.910828,40.761395,,29.20,none,None,None,None,-9999.00
562,2023-09-29T01:43:55,2023,9,-111.910606,40.761478,,27.40,none,None,None,None,-9999.00
563,2023-09-29T01:46:30,2023,9,-111.910599,40.761356,,34.40,none,None,None,None,-9999.00
564,2023-09-29T01:49:05,2023,9,-111.910538,40.761436,,32.30,none,None,None,None,-9999.00
565,2023-09-29T01:51:40,2023,9,-111.910614,40.761433,,23.50,none,None,None,None,-9999.00
566,2023-09-29T01:54:15,2023,9,-111.910583,40.761478,,27.40,none,None,None,None,-9999.00
567,2023-09-29T01:56:50,2023,9,-111.910561,40.76141,,29.70,none,None,None,None,-9999.00
568,2023-09-29T01:59:25,2023,9,-111.910561,40.761429,,30.40,none,None,None,None,-9999.00
569,2023-09-29T02:02:00,2023,9,-111.910507,40.761482,,33.60,none,None,None,None,-9999.00
570,2023-09-29T02:04:35,2023,9,-111.910599,40.761318,,27.00,none,None,None,None,-9999.00
571,2023-09-29T02:07:10,2023,9,-111.910515,40.761356,,22.80,none,None,None,None,-9999.00
572,2023-09-29T02:09:45,2023,9,-111.91021,40.761292,,26.20,none,None,None,None,-9999.00
573,2023-09-29T02:12:20,2023,9,-111.910561,40.761375,,25.10,none,None,None,None,-9999.00
574,2023-09-29T02:14:55,2023,9,-111.910645,40.761494,,26.20,none,None,None,None,-9999.00
575,2023-09-29T02:17:30,2023,9,-111.910622,40.761402,,28.40,none,None,None,None,-9999.00
576,2023-09-29T02:20:05,2023,9,-111.910461,40.761307,,28.20,none,None,None,None,-9999.00
577,2023-09-29T02:22:40,2023,9,-111.910538,40.761349,,37.70,none,None,None,None,-9999.00
578,2023-09-29T02:25:15,2023,9,-111.910492,40.761616,,31.50,none,None,None,None,-9999.00
579,2023-09-29T02:27:50,2023,9,-111.910545,40.761471,,36.20,none,None,None,None,-9999.00
580,2023-09-29T02:30:25,2023,9,-111.910553,40.761433,,32.70,none,None,None,None,-9999.00
581,2023-09-29T02:33:00,2023,9,-111.910454,40.761433,,33.30,none,None,None,None,-9999.00
582,2023-09-29T02:35:35,2023,9,-111.910545,40.761265,,32.30,none,None,None,None,-9999.00
583,2023-09-29T02:38:10,2023,9,-111.910622,40.761452,,24.20,none,None,None,None,-9999.00
584,2023-09-29T02:40:45,2023,9,-111.910522,40.761372,,25.80,none,None,None,None,-9999.00
585,2023-09-29T02:43:20,2023,9,-111.910439,40.761501,,32.40,none,None,None,None,-9999.00
586,2023-09-29T02:45:55,2023,9,-111.910698,40.761433,,35.80,none,None,None,None,-9999.00
587,2023-09-29T02:48:30,2023,9,-111.910553,40.761345,,35.10,none,None,None,None,-9999.00
588,2023-09-29T02:51:05,2023,9,-111.910667,40.761414,,28.50,none,None,None,None,-9999.00
589,2023-09-29T02:53:40,2023,9,-111.9105,40.761406,,16.20,none,None,None,None,-9999.00
590,2023-09-29T05:51:45,2023,9,-111.910599,40.761333,,28.30,none,None,None,None,-9999.00
591,2023-09-30T22:45:45,2023,9,-111.911049,40.76144,,39.30,none,None,None,None,-9999.00
592,2023-09-30T22:49:35,2023,9,-111.912422,40.761703,,35.60,none,None,None,None,-9999.00
593,2023-09-30T22:52:10,2023,9,-111.911163,40.761204,,31.80,none,None,None,None,-9999.00
594,2023-09-30T22:54:45,2023,9,-111.910744,40.761372,,32.50,none,None,None,None,-9999.00
595,2023-09-30T22:58:25,2023,9,-111.910362,40.760757,,32.70,none,None,None,None,-9999.00
596,2023-09-30T23:01:00,2023,9,-111.910561,40.761326,,33.40,none,None,None,None,-9999.00
597,2023-09-30T23:03:35,2023,9,-111.910767,40.761265,,37.30,none,None,None,None,-9999.00
598,2023-09-30T23:06:10,2023,9,-111.910934,40.761349,,38.30,none,None,None,None,-9999.00
599,2023-09-30T23:08:45,2023,9,-111.91037,40.761169,,39.30,none,None,None,None,-9999.00
600,2023-09-30T23:11:20,2023,9,-111.912201,40.761562,,35.90,none,None,None,None,-9999.00
601,2023-09-30T23:13:55,2023,9,-111.911522,40.761265,,37.30,none,None,None,None,-9999.00
602,2023-09-30T23:16:30,2023,9,-111.9105,40.76152,,38.90,none,None,None,None,-9999.00
603,2023-09-30T23:19:35,2023,9,-111.910446,40.761349,,36.30,none,None,None,None,-9999.00
604,2023-09-30T23:22:10,2023,9,-111.910538,40.76152,,33.50,none,None,None,None,-9999.00
605,2023-09-30T23:24:45,2023,9,-111.910805,40.761272,,39.20,none,None,None,None,-9999.00
606,2023-09-30T23:27:20,2023,9,-111.910637,40.761631,,36.70,none,None,None,None,-9999.00
607,2023-09-30T23:29:55,2023,9,-111.910606,40.761585,,34.90,none,None,None,None,-9999.00
608,2023-09-30T23:32:30,2023,9,-111.910927,40.760864,,37.30,none,None,None,None,-9999.00
609,2023-09-30T23:35:05,2023,9,-111.911156,40.761742,,34.90,none,None,None,None,-9999.00
610,2023-09-30T23:37:40,2023,9,-111.910179,40.762123,,34.50,none,None,None,None,-9999.00
611,2023-09-30T23:40:15,2023,9,-111.910851,40.761677,,39.30,none,None,None,None,-9999.00
612,2023-09-30T23:42:50,2023,9,-111.910393,40.761272,,37.50,none,None,None,None,-9999.00
613,2023-09-30T23:45:25,2023,9,-111.910583,40.761246,,37.30,none,None,None,None,-9999.00
614,2023-09-30T23:48:00,2023,9,-111.910454,40.761318,,41.40,none,None,None,None,-9999.00
615,2023-09-30T23:50:35,2023,9,-111.910744,40.761311,,35.50,none,None,None,None,-9999.00
616,2023-09-30T23:53:10,2023,9,-111.910645,40.761253,,34.50,none,None,None,None,-9999.00
